ticker,company_name,rating_date,sector,test_index,rank,model_key,model_label,predicted_class_id,predicted_class,predicted_probability,explained_class_id,explained_class,explained_class_model_probability,explained_class_lime_prediction_probability,lime_rule,lime_weight_for_explained_class,direction,feature_source,probability_source,lime_probability_source,xai_probability_source,proxy_mse,proxy_argmax_agreement,html_path,lime_instance_plot_path
NDAQ,"NASDAQ, INC",2014-11-03,6,1024,1,lightgbm,LightGBM,0,Distressed,0.9232875285348668,0,Distressed,0.9232875285348668,0.0019777042182840335,pretax_profit_margin <= -0.12,-0.006904507012348423,opposes_explained_class,original_financial_tabular_window_mean,test_proba,LimeTabularExplainer,test_proba,0.05535812329625783,0.8392338943702844,/kaggle/working/credit_rating_artifacts/lightgbm_financial_lime_test_idx_1024.html,/kaggle/working/credit_rating_artifacts/lightgbm_financial_lime_row_unknown_all_classes_plot.png
NDAQ,"NASDAQ, INC",2014-11-03,6,1024,2,lightgbm,LightGBM,0,Distressed,0.9232875285348668,0,Distressed,0.9232875285348668,0.0019777042182840335,debt_equity_ratio <= -0.81,0.005077815464668862,supports_explained_class,original_financial_tabular_window_mean,test_proba,LimeTabularExplainer,test_proba,0.05535812329625783,0.8392338943702844,/kaggle/working/credit_rating_artifacts/lightgbm_financial_lime_test_idx_1024.html,/kaggle/working/credit_rating_artifacts/lightgbm_financial_lime_row_unknown_all_classes_plot.png
NDAQ,"NASDAQ, INC",2014-11-03,6,1024,3,lightgbm,LightGBM,0,Distressed,0.9232875285348668,0,Distressed,0.9232875285348668,0.0019777042182840335,operating_cashflow_ps > 0.62,-0.004279378729598081,opposes_explained_class,original_financial_tabular_window_mean,test_proba,LimeTabularExplainer,test_proba,0.05535812329625783,0.8392338943702844,/kaggle/working/credit_rating_artifacts/lightgbm_financial_lime_test_idx_1024.html,/kaggle/working/credit_rating_artifacts/lightgbm_financial_lime_row_unknown_all_classes_plot.png
NDAQ,"NASDAQ, INC",2014-11-03,6,1024,4,lightgbm,LightGBM,0,Distressed,0.9232875285348668,0,Distressed,0.9232875285348668,0.0019777042182840335,ebit_margin <= -0.20,-0.004259429498848151,opposes_explained_class,original_financial_tabular_window_mean,test_proba,LimeTabularExplainer,test_proba,0.05535812329625783,0.8392338943702844,/kaggle/working/credit_rating_artifacts/lightgbm_financial_lime_test_idx_1024.html,/kaggle/working/credit_rating_artifacts/lightgbm_financial_lime_row_unknown_all_classes_plot.png
NDAQ,"NASDAQ, INC",2014-11-03,6,1024,5,lightgbm,LightGBM,0,Distressed,0.9232875285348668,0,Distressed,0.9232875285348668,0.0019777042182840335,operating_profit_margin <= -0.24,-0.004038919867022994,opposes_explained_class,original_financial_tabular_window_mean,test_proba,LimeTabularExplainer,test_proba,0.05535812329625783,0.8392338943702844,/kaggle/working/credit_rating_artifacts/lightgbm_financial_lime_test_idx_1024.html,/kaggle/working/credit_rating_artifacts/lightgbm_financial_lime_row_unknown_all_classes_plot.png
NDAQ,"NASDAQ, INC",2014-11-03,6,1024,6,lightgbm,LightGBM,0,Distressed,0.9232875285348668,0,Distressed,0.9232875285348668,0.0019777042182840335,gross_profit_margin <= -0.74,-0.003877927442961225,opposes_explained_class,original_financial_tabular_window_mean,test_proba,LimeTabularExplainer,test_proba,0.05535812329625783,0.8392338943702844,/kaggle/working/credit_rating_artifacts/lightgbm_financial_lime_test_idx_1024.html,/kaggle/working/credit_rating_artifacts/lightgbm_financial_lime_row_unknown_all_classes_plot.png
NDAQ,"NASDAQ, INC",2014-11-03,6,1024,7,lightgbm,LightGBM,0,Distressed,0.9232875285348668,0,Distressed,0.9232875285348668,0.0019777042182840335,net_profit_margin <= -0.05,0.0028879947455620427,supports_explained_class,original_financial_tabular_window_mean,test_proba,LimeTabularExplainer,test_proba,0.05535812329625783,0.8392338943702844,/kaggle/working/credit_rating_artifacts/lightgbm_financial_lime_test_idx_1024.html,/kaggle/working/credit_rating_artifacts/lightgbm_financial_lime_row_unknown_all_classes_plot.png
NDAQ,"NASDAQ, INC",2014-11-03,6,1024,8,lightgbm,LightGBM,0,Distressed,0.9232875285348668,0,Distressed,0.9232875285348668,0.0019777042182840335,-1.13 < current_ratio <= -0.19,0.001054077073947538,supports_explained_class,original_financial_tabular_window_mean,test_proba,LimeTabularExplainer,test_proba,0.05535812329625783,0.8392338943702844,/kaggle/working/credit_rating_artifacts/lightgbm_financial_lime_test_idx_1024.html,/kaggle/working/credit_rating_artifacts/lightgbm_financial_lime_row_unknown_all_classes_plot.png
NDAQ,"NASDAQ, INC",2014-11-03,6,1024,9,lightgbm,LightGBM,0,Distressed,0.9232875285348668,0,Distressed,0.9232875285348668,0.0019777042182840335,roa <= 0.01,-0.0009681966398832469,opposes_explained_class,original_financial_tabular_window_mean,test_proba,LimeTabularExplainer,test_proba,0.05535812329625783,0.8392338943702844,/kaggle/working/credit_rating_artifacts/lightgbm_financial_lime_test_idx_1024.html,/kaggle/working/credit_rating_artifacts/lightgbm_financial_lime_row_unknown_all_classes_plot.png
NDAQ,"NASDAQ, INC",2014-11-03,6,1024,10,lightgbm,LightGBM,0,Distressed,0.9232875285348668,0,Distressed,0.9232875285348668,0.0019777042182840335,free_cashflow_ps > 0.45,0.0006972113164672,supports_explained_class,original_financial_tabular_window_mean,test_proba,LimeTabularExplainer,test_proba,0.05535812329625783,0.8392338943702844,/kaggle/working/credit_rating_artifacts/lightgbm_financial_lime_test_idx_1024.html,/kaggle/working/credit_rating_artifacts/lightgbm_financial_lime_row_unknown_all_classes_plot.png
NDAQ,"NASDAQ, INC",2014-11-03,6,1024,1,lightgbm,LightGBM,0,Distressed,0.9232875285348668,1,HY,0.05651720448005926,0.12074260326497706,operating_profit_margin <= -0.24,-0.42095470909028737,opposes_explained_class,original_financial_tabular_window_mean,test_proba,LimeTabularExplainer,test_proba,0.05535812329625783,0.8392338943702844,/kaggle/working/credit_rating_artifacts/lightgbm_financial_lime_test_idx_1024.html,/kaggle/working/credit_rating_artifacts/lightgbm_financial_lime_row_unknown_all_classes_plot.png
NDAQ,"NASDAQ, INC",2014-11-03,6,1024,2,lightgbm,LightGBM,0,Distressed,0.9232875285348668,1,HY,0.05651720448005926,0.12074260326497706,pretax_profit_margin <= -0.12,0.4084077934530513,supports_explained_class,original_financial_tabular_window_mean,test_proba,LimeTabularExplainer,test_proba,0.05535812329625783,0.8392338943702844,/kaggle/working/credit_rating_artifacts/lightgbm_financial_lime_test_idx_1024.html,/kaggle/working/credit_rating_artifacts/lightgbm_financial_lime_row_unknown_all_classes_plot.png
NDAQ,"NASDAQ, INC",2014-11-03,6,1024,3,lightgbm,LightGBM,0,Distressed,0.9232875285348668,1,HY,0.05651720448005926,0.12074260326497706,ebit_margin <= -0.20,0.12706882370383613,supports_explained_class,original_financial_tabular_window_mean,test_proba,LimeTabularExplainer,test_proba,0.05535812329625783,0.8392338943702844,/kaggle/working/credit_rating_artifacts/lightgbm_financial_lime_test_idx_1024.html,/kaggle/working/credit_rating_artifacts/lightgbm_financial_lime_row_unknown_all_classes_plot.png
NDAQ,"NASDAQ, INC",2014-11-03,6,1024,4,lightgbm,LightGBM,0,Distressed,0.9232875285348668,1,HY,0.05651720448005926,0.12074260326497706,-1.13 < current_ratio <= -0.19,-0.04052709499652667,opposes_explained_class,original_financial_tabular_window_mean,test_proba,LimeTabularExplainer,test_proba,0.05535812329625783,0.8392338943702844,/kaggle/working/credit_rating_artifacts/lightgbm_financial_lime_test_idx_1024.html,/kaggle/working/credit_rating_artifacts/lightgbm_financial_lime_row_unknown_all_classes_plot.png
NDAQ,"NASDAQ, INC",2014-11-03,6,1024,5,lightgbm,LightGBM,0,Distressed,0.9232875285348668,1,HY,0.05651720448005926,0.12074260326497706,roa <= 0.01,0.030013744857636943,supports_explained_class,original_financial_tabular_window_mean,test_proba,LimeTabularExplainer,test_proba,0.05535812329625783,0.8392338943702844,/kaggle/working/credit_rating_artifacts/lightgbm_financial_lime_test_idx_1024.html,/kaggle/working/credit_rating_artifacts/lightgbm_financial_lime_row_unknown_all_classes_plot.png
NDAQ,"NASDAQ, INC",2014-11-03,6,1024,6,lightgbm,LightGBM,0,Distressed,0.9232875285348668,1,HY,0.05651720448005926,0.12074260326497706,gross_profit_margin <= -0.74,0.03000193441671842,supports_explained_class,original_financial_tabular_window_mean,test_proba,LimeTabularExplainer,test_proba,0.05535812329625783,0.8392338943702844,/kaggle/working/credit_rating_artifacts/lightgbm_financial_lime_test_idx_1024.html,/kaggle/working/credit_rating_artifacts/lightgbm_financial_lime_row_unknown_all_classes_plot.png
NDAQ,"NASDAQ, INC",2014-11-03,6,1024,7,lightgbm,LightGBM,0,Distressed,0.9232875285348668,1,HY,0.05651720448005926,0.12074260326497706,roe <= 0.05,0.02002009212466347,supports_explained_class,original_financial_tabular_window_mean,test_proba,LimeTabularExplainer,test_proba,0.05535812329625783,0.8392338943702844,/kaggle/working/credit_rating_artifacts/lightgbm_financial_lime_test_idx_1024.html,/kaggle/working/credit_rating_artifacts/lightgbm_financial_lime_row_unknown_all_classes_plot.png
NDAQ,"NASDAQ, INC",2014-11-03,6,1024,8,lightgbm,LightGBM,0,Distressed,0.9232875285348668,1,HY,0.05651720448005926,0.12074260326497706,debt_equity_ratio <= -0.81,-0.018868057327887915,opposes_explained_class,original_financial_tabular_window_mean,test_proba,LimeTabularExplainer,test_proba,0.05535812329625783,0.8392338943702844,/kaggle/working/credit_rating_artifacts/lightgbm_financial_lime_test_idx_1024.html,/kaggle/working/credit_rating_artifacts/lightgbm_financial_lime_row_unknown_all_classes_plot.png
NDAQ,"NASDAQ, INC",2014-11-03,6,1024,9,lightgbm,LightGBM,0,Distressed,0.9232875285348668,1,HY,0.05651720448005926,0.12074260326497706,net_profit_margin <= -0.05,0.014708281581992718,supports_explained_class,original_financial_tabular_window_mean,test_proba,LimeTabularExplainer,test_proba,0.05535812329625783,0.8392338943702844,/kaggle/working/credit_rating_artifacts/lightgbm_financial_lime_test_idx_1024.html,/kaggle/working/credit_rating_artifacts/lightgbm_financial_lime_row_unknown_all_classes_plot.png
NDAQ,"NASDAQ, INC",2014-11-03,6,1024,10,lightgbm,LightGBM,0,Distressed,0.9232875285348668,1,HY,0.05651720448005926,0.12074260326497706,free_cashflow_ps > 0.45,-0.013980283352221307,opposes_explained_class,original_financial_tabular_window_mean,test_proba,LimeTabularExplainer,test_proba,0.05535812329625783,0.8392338943702844,/kaggle/working/credit_rating_artifacts/lightgbm_financial_lime_test_idx_1024.html,/kaggle/working/credit_rating_artifacts/lightgbm_financial_lime_row_unknown_all_classes_plot.png
NDAQ,"NASDAQ, INC",2014-11-03,6,1024,1,lightgbm,LightGBM,0,Distressed,0.9232875285348668,2,IG,0.02019526698507392,0.8772796925167389,operating_profit_margin <= -0.24,0.42522060891169555,supports_explained_class,original_financial_tabular_window_mean,test_proba,LimeTabularExplainer,test_proba,0.05535812329625783,0.8392338943702844,/kaggle/working/credit_rating_artifacts/lightgbm_financial_lime_test_idx_1024.html,/kaggle/working/credit_rating_artifacts/lightgbm_financial_lime_row_unknown_all_classes_plot.png
NDAQ,"NASDAQ, INC",2014-11-03,6,1024,2,lightgbm,LightGBM,0,Distressed,0.9232875285348668,2,IG,0.02019526698507392,0.8772796925167389,pretax_profit_margin <= -0.12,-0.4015413247909029,opposes_explained_class,original_financial_tabular_window_mean,test_proba,LimeTabularExplainer,test_proba,0.05535812329625783,0.8392338943702844,/kaggle/working/credit_rating_artifacts/lightgbm_financial_lime_test_idx_1024.html,/kaggle/working/credit_rating_artifacts/lightgbm_financial_lime_row_unknown_all_classes_plot.png
NDAQ,"NASDAQ, INC",2014-11-03,6,1024,3,lightgbm,LightGBM,0,Distressed,0.9232875285348668,2,IG,0.02019526698507392,0.8772796925167389,ebit_margin <= -0.20,-0.12254719876354231,opposes_explained_class,original_financial_tabular_window_mean,test_proba,LimeTabularExplainer,test_proba,0.05535812329625783,0.8392338943702844,/kaggle/working/credit_rating_artifacts/lightgbm_financial_lime_test_idx_1024.html,/kaggle/working/credit_rating_artifacts/lightgbm_financial_lime_row_unknown_all_classes_plot.png
NDAQ,"NASDAQ, INC",2014-11-03,6,1024,4,lightgbm,LightGBM,0,Distressed,0.9232875285348668,2,IG,0.02019526698507392,0.8772796925167389,-1.13 < current_ratio <= -0.19,0.0392431062166911,supports_explained_class,original_financial_tabular_window_mean,test_proba,LimeTabularExplainer,test_proba,0.05535812329625783,0.8392338943702844,/kaggle/working/credit_rating_artifacts/lightgbm_financial_lime_test_idx_1024.html,/kaggle/working/credit_rating_artifacts/lightgbm_financial_lime_row_unknown_all_classes_plot.png
NDAQ,"NASDAQ, INC",2014-11-03,6,1024,5,lightgbm,LightGBM,0,Distressed,0.9232875285348668,2,IG,0.02019526698507392,0.8772796925167389,roa <= 0.01,-0.029043207060123553,opposes_explained_class,original_financial_tabular_window_mean,test_proba,LimeTabularExplainer,test_proba,0.05535812329625783,0.8392338943702844,/kaggle/working/credit_rating_artifacts/lightgbm_financial_lime_test_idx_1024.html,/kaggle/working/credit_rating_artifacts/lightgbm_financial_lime_row_unknown_all_classes_plot.png
NDAQ,"NASDAQ, INC",2014-11-03,6,1024,6,lightgbm,LightGBM,0,Distressed,0.9232875285348668,2,IG,0.02019526698507392,0.8772796925167389,gross_profit_margin <= -0.74,-0.026166570214705677,opposes_explained_class,original_financial_tabular_window_mean,test_proba,LimeTabularExplainer,test_proba,0.05535812329625783,0.8392338943702844,/kaggle/working/credit_rating_artifacts/lightgbm_financial_lime_test_idx_1024.html,/kaggle/working/credit_rating_artifacts/lightgbm_financial_lime_row_unknown_all_classes_plot.png
NDAQ,"NASDAQ, INC",2014-11-03,6,1024,7,lightgbm,LightGBM,0,Distressed,0.9232875285348668,2,IG,0.02019526698507392,0.8772796925167389,roe <= 0.05,-0.020443434768339725,opposes_explained_class,original_financial_tabular_window_mean,test_proba,LimeTabularExplainer,test_proba,0.05535812329625783,0.8392338943702844,/kaggle/working/credit_rating_artifacts/lightgbm_financial_lime_test_idx_1024.html,/kaggle/working/credit_rating_artifacts/lightgbm_financial_lime_row_unknown_all_classes_plot.png
NDAQ,"NASDAQ, INC",2014-11-03,6,1024,8,lightgbm,LightGBM,0,Distressed,0.9232875285348668,2,IG,0.02019526698507392,0.8772796925167389,net_profit_margin <= -0.05,-0.017465800196345225,opposes_explained_class,original_financial_tabular_window_mean,test_proba,LimeTabularExplainer,test_proba,0.05535812329625783,0.8392338943702844,/kaggle/working/credit_rating_artifacts/lightgbm_financial_lime_test_idx_1024.html,/kaggle/working/credit_rating_artifacts/lightgbm_financial_lime_row_unknown_all_classes_plot.png
NDAQ,"NASDAQ, INC",2014-11-03,6,1024,9,lightgbm,LightGBM,0,Distressed,0.9232875285348668,2,IG,0.02019526698507392,0.8772796925167389,debt_equity_ratio <= -0.81,0.013460611778543564,supports_explained_class,original_financial_tabular_window_mean,test_proba,LimeTabularExplainer,test_proba,0.05535812329625783,0.8392338943702844,/kaggle/working/credit_rating_artifacts/lightgbm_financial_lime_test_idx_1024.html,/kaggle/working/credit_rating_artifacts/lightgbm_financial_lime_row_unknown_all_classes_plot.png
NDAQ,"NASDAQ, INC",2014-11-03,6,1024,10,lightgbm,LightGBM,0,Distressed,0.9232875285348668,2,IG,0.02019526698507392,0.8772796925167389,free_cashflow_ps > 0.45,0.013244431592286885,supports_explained_class,original_financial_tabular_window_mean,test_proba,LimeTabularExplainer,test_proba,0.05535812329625783,0.8392338943702844,/kaggle/working/credit_rating_artifacts/lightgbm_financial_lime_test_idx_1024.html,/kaggle/working/credit_rating_artifacts/lightgbm_financial_lime_row_unknown_all_classes_plot.png
WOR,"WORTHINGTON INDUSTRIES, INC",2014-09-10,1,142,1,lightgbm,LightGBM,1,HY,0.9794066614813105,0,Distressed,0.007820292878951331,0.00022611817306969557,pretax_profit_margin <= -0.12,-0.007890909135777736,opposes_explained_class,original_financial_tabular_window_mean,test_proba,LimeTabularExplainer,test_proba,0.05535812329625783,0.8392338943702844,/kaggle/working/credit_rating_artifacts/lightgbm_financial_lime_test_idx_142.html,/kaggle/working/credit_rating_artifacts/lightgbm_financial_lime_row_unknown_all_classes_plot.png
WOR,"WORTHINGTON INDUSTRIES, INC",2014-09-10,1,142,2,lightgbm,LightGBM,1,HY,0.9794066614813105,0,Distressed,0.007820292878951331,0.00022611817306969557,operating_cashflow_ps <= -0.92,0.006418008079488794,supports_explained_class,original_financial_tabular_window_mean,test_proba,LimeTabularExplainer,test_proba,0.05535812329625783,0.8392338943702844,/kaggle/working/credit_rating_artifacts/lightgbm_financial_lime_test_idx_142.html,/kaggle/working/credit_rating_artifacts/lightgbm_financial_lime_row_unknown_all_classes_plot.png
WOR,"WORTHINGTON INDUSTRIES, INC",2014-09-10,1,142,3,lightgbm,LightGBM,1,HY,0.9794066614813105,0,Distressed,0.007820292878951331,0.00022611817306969557,debt_equity_ratio > 1.21,-0.005942011888206445,opposes_explained_class,original_financial_tabular_window_mean,test_proba,LimeTabularExplainer,test_proba,0.05535812329625783,0.8392338943702844,/kaggle/working/credit_rating_artifacts/lightgbm_financial_lime_test_idx_142.html,/kaggle/working/credit_rating_artifacts/lightgbm_financial_lime_row_unknown_all_classes_plot.png
WOR,"WORTHINGTON INDUSTRIES, INC",2014-09-10,1,142,4,lightgbm,LightGBM,1,HY,0.9794066614813105,0,Distressed,0.007820292878951331,0.00022611817306969557,-0.24 < operating_profit_margin <= 0.23,0.004555926499141329,supports_explained_class,original_financial_tabular_window_mean,test_proba,LimeTabularExplainer,test_proba,0.05535812329625783,0.8392338943702844,/kaggle/working/credit_rating_artifacts/lightgbm_financial_lime_test_idx_142.html,/kaggle/working/credit_rating_artifacts/lightgbm_financial_lime_row_unknown_all_classes_plot.png
WOR,"WORTHINGTON INDUSTRIES, INC",2014-09-10,1,142,5,lightgbm,LightGBM,1,HY,0.9794066614813105,0,Distressed,0.007820292878951331,0.00022611817306969557,free_cashflow_ps <= -0.55,-0.0028682373229716477,opposes_explained_class,original_financial_tabular_window_mean,test_proba,LimeTabularExplainer,test_proba,0.05535812329625783,0.8392338943702844,/kaggle/working/credit_rating_artifacts/lightgbm_financial_lime_test_idx_142.html,/kaggle/working/credit_rating_artifacts/lightgbm_financial_lime_row_unknown_all_classes_plot.png
WOR,"WORTHINGTON INDUSTRIES, INC",2014-09-10,1,142,6,lightgbm,LightGBM,1,HY,0.9794066614813105,0,Distressed,0.007820292878951331,0.00022611817306969557,-0.74 < gross_profit_margin <= -0.13,-0.0022036669872876843,opposes_explained_class,original_financial_tabular_window_mean,test_proba,LimeTabularExplainer,test_proba,0.05535812329625783,0.8392338943702844,/kaggle/working/credit_rating_artifacts/lightgbm_financial_lime_test_idx_142.html,/kaggle/working/credit_rating_artifacts/lightgbm_financial_lime_row_unknown_all_classes_plot.png
WOR,"WORTHINGTON INDUSTRIES, INC",2014-09-10,1,142,7,lightgbm,LightGBM,1,HY,0.9794066614813105,0,Distressed,0.007820292878951331,0.00022611817306969557,roa <= 0.01,-0.0014907321118056603,opposes_explained_class,original_financial_tabular_window_mean,test_proba,LimeTabularExplainer,test_proba,0.05535812329625783,0.8392338943702844,/kaggle/working/credit_rating_artifacts/lightgbm_financial_lime_test_idx_142.html,/kaggle/working/credit_rating_artifacts/lightgbm_financial_lime_row_unknown_all_classes_plot.png
WOR,"WORTHINGTON INDUSTRIES, INC",2014-09-10,1,142,8,lightgbm,LightGBM,1,HY,0.9794066614813105,0,Distressed,0.007820292878951331,0.00022611817306969557,0.12 < asset_turnover <= 1.13,0.0008491810554576872,supports_explained_class,original_financial_tabular_window_mean,test_proba,LimeTabularExplainer,test_proba,0.05535812329625783,0.8392338943702844,/kaggle/working/credit_rating_artifacts/lightgbm_financial_lime_test_idx_142.html,/kaggle/working/credit_rating_artifacts/lightgbm_financial_lime_row_unknown_all_classes_plot.png
WOR,"WORTHINGTON INDUSTRIES, INC",2014-09-10,1,142,9,lightgbm,LightGBM,1,HY,0.9794066614813105,0,Distressed,0.007820292878951331,0.00022611817306969557,net_profit_margin <= -0.05,0.0008021355198190433,supports_explained_class,original_financial_tabular_window_mean,test_proba,LimeTabularExplainer,test_proba,0.05535812329625783,0.8392338943702844,/kaggle/working/credit_rating_artifacts/lightgbm_financial_lime_test_idx_142.html,/kaggle/working/credit_rating_artifacts/lightgbm_financial_lime_row_unknown_all_classes_plot.png
WOR,"WORTHINGTON INDUSTRIES, INC",2014-09-10,1,142,10,lightgbm,LightGBM,1,HY,0.9794066614813105,0,Distressed,0.007820292878951331,0.00022611817306969557,roe <= 0.05,-0.000596029598218922,opposes_explained_class,original_financial_tabular_window_mean,test_proba,LimeTabularExplainer,test_proba,0.05535812329625783,0.8392338943702844,/kaggle/working/credit_rating_artifacts/lightgbm_financial_lime_test_idx_142.html,/kaggle/working/credit_rating_artifacts/lightgbm_financial_lime_row_unknown_all_classes_plot.png
WOR,"WORTHINGTON INDUSTRIES, INC",2014-09-10,1,142,1,lightgbm,LightGBM,1,HY,0.9794066614813105,1,HY,0.9794066614813105,0.9976284158674731,pretax_profit_margin <= -0.12,0.42117697040081525,supports_explained_class,original_financial_tabular_window_mean,test_proba,LimeTabularExplainer,test_proba,0.05535812329625783,0.8392338943702844,/kaggle/working/credit_rating_artifacts/lightgbm_financial_lime_test_idx_142.html,/kaggle/working/credit_rating_artifacts/lightgbm_financial_lime_row_unknown_all_classes_plot.png
WOR,"WORTHINGTON INDUSTRIES, INC",2014-09-10,1,142,2,lightgbm,LightGBM,1,HY,0.9794066614813105,1,HY,0.9794066614813105,0.9976284158674731,debt_equity_ratio > 1.21,0.17077010116120594,supports_explained_class,original_financial_tabular_window_mean,test_proba,LimeTabularExplainer,test_proba,0.05535812329625783,0.8392338943702844,/kaggle/working/credit_rating_artifacts/lightgbm_financial_lime_test_idx_142.html,/kaggle/working/credit_rating_artifacts/lightgbm_financial_lime_row_unknown_all_classes_plot.png
WOR,"WORTHINGTON INDUSTRIES, INC",2014-09-10,1,142,3,lightgbm,LightGBM,1,HY,0.9794066614813105,1,HY,0.9794066614813105,0.9976284158674731,roa <= 0.01,0.13746307740290595,supports_explained_class,original_financial_tabular_window_mean,test_proba,LimeTabularExplainer,test_proba,0.05535812329625783,0.8392338943702844,/kaggle/working/credit_rating_artifacts/lightgbm_financial_lime_test_idx_142.html,/kaggle/working/credit_rating_artifacts/lightgbm_financial_lime_row_unknown_all_classes_plot.png
WOR,"WORTHINGTON INDUSTRIES, INC",2014-09-10,1,142,4,lightgbm,LightGBM,1,HY,0.9794066614813105,1,HY,0.9794066614813105,0.9976284158674731,-0.24 < operating_profit_margin <= 0.23,-0.09889241164999397,opposes_explained_class,original_financial_tabular_window_mean,test_proba,LimeTabularExplainer,test_proba,0.05535812329625783,0.8392338943702844,/kaggle/working/credit_rating_artifacts/lightgbm_financial_lime_test_idx_142.html,/kaggle/working/credit_rating_artifacts/lightgbm_financial_lime_row_unknown_all_classes_plot.png
WOR,"WORTHINGTON INDUSTRIES, INC",2014-09-10,1,142,5,lightgbm,LightGBM,1,HY,0.9794066614813105,1,HY,0.9794066614813105,0.9976284158674731,current_ratio > 0.18,0.07074657415073123,supports_explained_class,original_financial_tabular_window_mean,test_proba,LimeTabularExplainer,test_proba,0.05535812329625783,0.8392338943702844,/kaggle/working/credit_rating_artifacts/lightgbm_financial_lime_test_idx_142.html,/kaggle/working/credit_rating_artifacts/lightgbm_financial_lime_row_unknown_all_classes_plot.png
WOR,"WORTHINGTON INDUSTRIES, INC",2014-09-10,1,142,6,lightgbm,LightGBM,1,HY,0.9794066614813105,1,HY,0.9794066614813105,0.9976284158674731,roe <= 0.05,0.06792168027794451,supports_explained_class,original_financial_tabular_window_mean,test_proba,LimeTabularExplainer,test_proba,0.05535812329625783,0.8392338943702844,/kaggle/working/credit_rating_artifacts/lightgbm_financial_lime_test_idx_142.html,/kaggle/working/credit_rating_artifacts/lightgbm_financial_lime_row_unknown_all_classes_plot.png
WOR,"WORTHINGTON INDUSTRIES, INC",2014-09-10,1,142,7,lightgbm,LightGBM,1,HY,0.9794066614813105,1,HY,0.9794066614813105,0.9976284158674731,-0.20 < ebit_margin <= 0.32,0.06161374163944276,supports_explained_class,original_financial_tabular_window_mean,test_proba,LimeTabularExplainer,test_proba,0.05535812329625783,0.8392338943702844,/kaggle/working/credit_rating_artifacts/lightgbm_financial_lime_test_idx_142.html,/kaggle/working/credit_rating_artifacts/lightgbm_financial_lime_row_unknown_all_classes_plot.png
WOR,"WORTHINGTON INDUSTRIES, INC",2014-09-10,1,142,8,lightgbm,LightGBM,1,HY,0.9794066614813105,1,HY,0.9794066614813105,0.9976284158674731,-0.74 < gross_profit_margin <= -0.13,0.0470042305356883,supports_explained_class,original_financial_tabular_window_mean,test_proba,LimeTabularExplainer,test_proba,0.05535812329625783,0.8392338943702844,/kaggle/working/credit_rating_artifacts/lightgbm_financial_lime_test_idx_142.html,/kaggle/working/credit_rating_artifacts/lightgbm_financial_lime_row_unknown_all_classes_plot.png
WOR,"WORTHINGTON INDUSTRIES, INC",2014-09-10,1,142,9,lightgbm,LightGBM,1,HY,0.9794066614813105,1,HY,0.9794066614813105,0.9976284158674731,free_cashflow_ps <= -0.55,0.04578251381554052,supports_explained_class,original_financial_tabular_window_mean,test_proba,LimeTabularExplainer,test_proba,0.05535812329625783,0.8392338943702844,/kaggle/working/credit_rating_artifacts/lightgbm_financial_lime_test_idx_142.html,/kaggle/working/credit_rating_artifacts/lightgbm_financial_lime_row_unknown_all_classes_plot.png
WOR,"WORTHINGTON INDUSTRIES, INC",2014-09-10,1,142,10,lightgbm,LightGBM,1,HY,0.9794066614813105,1,HY,0.9794066614813105,0.9976284158674731,net_profit_margin <= -0.05,0.0402048191232741,supports_explained_class,original_financial_tabular_window_mean,test_proba,LimeTabularExplainer,test_proba,0.05535812329625783,0.8392338943702844,/kaggle/working/credit_rating_artifacts/lightgbm_financial_lime_test_idx_142.html,/kaggle/working/credit_rating_artifacts/lightgbm_financial_lime_row_unknown_all_classes_plot.png
WOR,"WORTHINGTON INDUSTRIES, INC",2014-09-10,1,142,1,lightgbm,LightGBM,1,HY,0.9794066614813105,2,IG,0.0127730456397382,0.0021454659594571965,pretax_profit_margin <= -0.12,-0.413119390343627,opposes_explained_class,original_financial_tabular_window_mean,test_proba,LimeTabularExplainer,test_proba,0.05535812329625783,0.8392338943702844,/kaggle/working/credit_rating_artifacts/lightgbm_financial_lime_test_idx_142.html,/kaggle/working/credit_rating_artifacts/lightgbm_financial_lime_row_unknown_all_classes_plot.png
WOR,"WORTHINGTON INDUSTRIES, INC",2014-09-10,1,142,2,lightgbm,LightGBM,1,HY,0.9794066614813105,2,IG,0.0127730456397382,0.0021454659594571965,debt_equity_ratio > 1.21,-0.1646468072564126,opposes_explained_class,original_financial_tabular_window_mean,test_proba,LimeTabularExplainer,test_proba,0.05535812329625783,0.8392338943702844,/kaggle/working/credit_rating_artifacts/lightgbm_financial_lime_test_idx_142.html,/kaggle/working/credit_rating_artifacts/lightgbm_financial_lime_row_unknown_all_classes_plot.png
WOR,"WORTHINGTON INDUSTRIES, INC",2014-09-10,1,142,3,lightgbm,LightGBM,1,HY,0.9794066614813105,2,IG,0.0127730456397382,0.0021454659594571965,roa <= 0.01,-0.13601294828121635,opposes_explained_class,original_financial_tabular_window_mean,test_proba,LimeTabularExplainer,test_proba,0.05535812329625783,0.8392338943702844,/kaggle/working/credit_rating_artifacts/lightgbm_financial_lime_test_idx_142.html,/kaggle/working/credit_rating_artifacts/lightgbm_financial_lime_row_unknown_all_classes_plot.png
WOR,"WORTHINGTON INDUSTRIES, INC",2014-09-10,1,142,4,lightgbm,LightGBM,1,HY,0.9794066614813105,2,IG,0.0127730456397382,0.0021454659594571965,-0.24 < operating_profit_margin <= 0.23,0.09446525924722943,supports_explained_class,original_financial_tabular_window_mean,test_proba,LimeTabularExplainer,test_proba,0.05535812329625783,0.8392338943702844,/kaggle/working/credit_rating_artifacts/lightgbm_financial_lime_test_idx_142.html,/kaggle/working/credit_rating_artifacts/lightgbm_financial_lime_row_unknown_all_classes_plot.png
WOR,"WORTHINGTON INDUSTRIES, INC",2014-09-10,1,142,5,lightgbm,LightGBM,1,HY,0.9794066614813105,2,IG,0.0127730456397382,0.0021454659594571965,current_ratio > 0.18,-0.07054274255389327,opposes_explained_class,original_financial_tabular_window_mean,test_proba,LimeTabularExplainer,test_proba,0.05535812329625783,0.8392338943702844,/kaggle/working/credit_rating_artifacts/lightgbm_financial_lime_test_idx_142.html,/kaggle/working/credit_rating_artifacts/lightgbm_financial_lime_row_unknown_all_classes_plot.png
WOR,"WORTHINGTON INDUSTRIES, INC",2014-09-10,1,142,6,lightgbm,LightGBM,1,HY,0.9794066614813105,2,IG,0.0127730456397382,0.0021454659594571965,roe <= 0.05,-0.06779790461714787,opposes_explained_class,original_financial_tabular_window_mean,test_proba,LimeTabularExplainer,test_proba,0.05535812329625783,0.8392338943702844,/kaggle/working/credit_rating_artifacts/lightgbm_financial_lime_test_idx_142.html,/kaggle/working/credit_rating_artifacts/lightgbm_financial_lime_row_unknown_all_classes_plot.png
WOR,"WORTHINGTON INDUSTRIES, INC",2014-09-10,1,142,7,lightgbm,LightGBM,1,HY,0.9794066614813105,2,IG,0.0127730456397382,0.0021454659594571965,-0.20 < ebit_margin <= 0.32,-0.061907005086235214,opposes_explained_class,original_financial_tabular_window_mean,test_proba,LimeTabularExplainer,test_proba,0.05535812329625783,0.8392338943702844,/kaggle/working/credit_rating_artifacts/lightgbm_financial_lime_test_idx_142.html,/kaggle/working/credit_rating_artifacts/lightgbm_financial_lime_row_unknown_all_classes_plot.png
WOR,"WORTHINGTON INDUSTRIES, INC",2014-09-10,1,142,8,lightgbm,LightGBM,1,HY,0.9794066614813105,2,IG,0.0127730456397382,0.0021454659594571965,-0.74 < gross_profit_margin <= -0.13,-0.04446191380615753,opposes_explained_class,original_financial_tabular_window_mean,test_proba,LimeTabularExplainer,test_proba,0.05535812329625783,0.8392338943702844,/kaggle/working/credit_rating_artifacts/lightgbm_financial_lime_test_idx_142.html,/kaggle/working/credit_rating_artifacts/lightgbm_financial_lime_row_unknown_all_classes_plot.png
WOR,"WORTHINGTON INDUSTRIES, INC",2014-09-10,1,142,9,lightgbm,LightGBM,1,HY,0.9794066614813105,2,IG,0.0127730456397382,0.0021454659594571965,free_cashflow_ps <= -0.55,-0.043249112157885815,opposes_explained_class,original_financial_tabular_window_mean,test_proba,LimeTabularExplainer,test_proba,0.05535812329625783,0.8392338943702844,/kaggle/working/credit_rating_artifacts/lightgbm_financial_lime_test_idx_142.html,/kaggle/working/credit_rating_artifacts/lightgbm_financial_lime_row_unknown_all_classes_plot.png
WOR,"WORTHINGTON INDUSTRIES, INC",2014-09-10,1,142,10,lightgbm,LightGBM,1,HY,0.9794066614813105,2,IG,0.0127730456397382,0.0021454659594571965,net_profit_margin <= -0.05,-0.04122006922210512,opposes_explained_class,original_financial_tabular_window_mean,test_proba,LimeTabularExplainer,test_proba,0.05535812329625783,0.8392338943702844,/kaggle/working/credit_rating_artifacts/lightgbm_financial_lime_test_idx_142.html,/kaggle/working/credit_rating_artifacts/lightgbm_financial_lime_row_unknown_all_classes_plot.png
CCI,Crown Castle GS III Corp.,2015-09-24,6,894,1,lightgbm,LightGBM,2,IG,0.9828801610055945,0,Distressed,0.005983186206061006,0.01125480397983628,pretax_profit_margin > 0.87,0.004956479211201854,supports_explained_class,original_financial_tabular_window_mean,test_proba,LimeTabularExplainer,test_proba,0.05535812329625783,0.8392338943702844,/kaggle/working/credit_rating_artifacts/lightgbm_financial_lime_test_idx_894.html,/kaggle/working/credit_rating_artifacts/lightgbm_financial_lime_row_unknown_all_classes_plot.png
CCI,Crown Castle GS III Corp.,2015-09-24,6,894,2,lightgbm,LightGBM,2,IG,0.9828801610055945,0,Distressed,0.005983186206061006,0.01125480397983628,debt_equity_ratio <= -0.81,0.004357478195206636,supports_explained_class,original_financial_tabular_window_mean,test_proba,LimeTabularExplainer,test_proba,0.05535812329625783,0.8392338943702844,/kaggle/working/credit_rating_artifacts/lightgbm_financial_lime_test_idx_894.html,/kaggle/working/credit_rating_artifacts/lightgbm_financial_lime_row_unknown_all_classes_plot.png
CCI,Crown Castle GS III Corp.,2015-09-24,6,894,3,lightgbm,LightGBM,2,IG,0.9828801610055945,0,Distressed,0.005983186206061006,0.01125480397983628,gross_profit_margin > 0.81,0.0038910235061546785,supports_explained_class,original_financial_tabular_window_mean,test_proba,LimeTabularExplainer,test_proba,0.05535812329625783,0.8392338943702844,/kaggle/working/credit_rating_artifacts/lightgbm_financial_lime_test_idx_894.html,/kaggle/working/credit_rating_artifacts/lightgbm_financial_lime_row_unknown_all_classes_plot.png
CCI,Crown Castle GS III Corp.,2015-09-24,6,894,4,lightgbm,LightGBM,2,IG,0.9828801610055945,0,Distressed,0.005983186206061006,0.01125480397983628,net_profit_margin > 0.92,-0.0031349486092232906,opposes_explained_class,original_financial_tabular_window_mean,test_proba,LimeTabularExplainer,test_proba,0.05535812329625783,0.8392338943702844,/kaggle/working/credit_rating_artifacts/lightgbm_financial_lime_test_idx_894.html,/kaggle/working/credit_rating_artifacts/lightgbm_financial_lime_row_unknown_all_classes_plot.png
CCI,Crown Castle GS III Corp.,2015-09-24,6,894,5,lightgbm,LightGBM,2,IG,0.9828801610055945,0,Distressed,0.005983186206061006,0.01125480397983628,operating_cashflow_ps <= -0.92,0.0028344497825823958,supports_explained_class,original_financial_tabular_window_mean,test_proba,LimeTabularExplainer,test_proba,0.05535812329625783,0.8392338943702844,/kaggle/working/credit_rating_artifacts/lightgbm_financial_lime_test_idx_894.html,/kaggle/working/credit_rating_artifacts/lightgbm_financial_lime_row_unknown_all_classes_plot.png
CCI,Crown Castle GS III Corp.,2015-09-24,6,894,6,lightgbm,LightGBM,2,IG,0.9828801610055945,0,Distressed,0.005983186206061006,0.01125480397983628,operating_profit_margin > 0.70,-0.002419226676899345,opposes_explained_class,original_financial_tabular_window_mean,test_proba,LimeTabularExplainer,test_proba,0.05535812329625783,0.8392338943702844,/kaggle/working/credit_rating_artifacts/lightgbm_financial_lime_test_idx_894.html,/kaggle/working/credit_rating_artifacts/lightgbm_financial_lime_row_unknown_all_classes_plot.png
CCI,Crown Castle GS III Corp.,2015-09-24,6,894,7,lightgbm,LightGBM,2,IG,0.9828801610055945,0,Distressed,0.005983186206061006,0.01125480397983628,ebit_margin > 0.85,0.002286494314703063,supports_explained_class,original_financial_tabular_window_mean,test_proba,LimeTabularExplainer,test_proba,0.05535812329625783,0.8392338943702844,/kaggle/working/credit_rating_artifacts/lightgbm_financial_lime_test_idx_894.html,/kaggle/working/credit_rating_artifacts/lightgbm_financial_lime_row_unknown_all_classes_plot.png
CCI,Crown Castle GS III Corp.,2015-09-24,6,894,8,lightgbm,LightGBM,2,IG,0.9828801610055945,0,Distressed,0.005983186206061006,0.01125480397983628,roa > 0.92,-0.0018193478344101204,opposes_explained_class,original_financial_tabular_window_mean,test_proba,LimeTabularExplainer,test_proba,0.05535812329625783,0.8392338943702844,/kaggle/working/credit_rating_artifacts/lightgbm_financial_lime_test_idx_894.html,/kaggle/working/credit_rating_artifacts/lightgbm_financial_lime_row_unknown_all_classes_plot.png
CCI,Crown Castle GS III Corp.,2015-09-24,6,894,9,lightgbm,LightGBM,2,IG,0.9828801610055945,0,Distressed,0.005983186206061006,0.01125480397983628,-0.60 < asset_turnover <= 0.12,0.0014912569180500098,supports_explained_class,original_financial_tabular_window_mean,test_proba,LimeTabularExplainer,test_proba,0.05535812329625783,0.8392338943702844,/kaggle/working/credit_rating_artifacts/lightgbm_financial_lime_test_idx_894.html,/kaggle/working/credit_rating_artifacts/lightgbm_financial_lime_row_unknown_all_classes_plot.png
CCI,Crown Castle GS III Corp.,2015-09-24,6,894,10,lightgbm,LightGBM,2,IG,0.9828801610055945,0,Distressed,0.005983186206061006,0.01125480397983628,free_cashflow_ps <= -0.55,-0.0006054203929691988,opposes_explained_class,original_financial_tabular_window_mean,test_proba,LimeTabularExplainer,test_proba,0.05535812329625783,0.8392338943702844,/kaggle/working/credit_rating_artifacts/lightgbm_financial_lime_test_idx_894.html,/kaggle/working/credit_rating_artifacts/lightgbm_financial_lime_row_unknown_all_classes_plot.png
CCI,Crown Castle GS III Corp.,2015-09-24,6,894,1,lightgbm,LightGBM,2,IG,0.9828801610055945,1,HY,0.011136652788344522,0.01958571124099442,operating_profit_margin > 0.70,0.40554138249724,supports_explained_class,original_financial_tabular_window_mean,test_proba,LimeTabularExplainer,test_proba,0.05535812329625783,0.8392338943702844,/kaggle/working/credit_rating_artifacts/lightgbm_financial_lime_test_idx_894.html,/kaggle/working/credit_rating_artifacts/lightgbm_financial_lime_row_unknown_all_classes_plot.png
CCI,Crown Castle GS III Corp.,2015-09-24,6,894,2,lightgbm,LightGBM,2,IG,0.9828801610055945,1,HY,0.011136652788344522,0.01958571124099442,pretax_profit_margin > 0.87,-0.2361941089612177,opposes_explained_class,original_financial_tabular_window_mean,test_proba,LimeTabularExplainer,test_proba,0.05535812329625783,0.8392338943702844,/kaggle/working/credit_rating_artifacts/lightgbm_financial_lime_test_idx_894.html,/kaggle/working/credit_rating_artifacts/lightgbm_financial_lime_row_unknown_all_classes_plot.png
CCI,Crown Castle GS III Corp.,2015-09-24,6,894,3,lightgbm,LightGBM,2,IG,0.9828801610055945,1,HY,0.011136652788344522,0.01958571124099442,net_profit_margin > 0.92,-0.18328967315856562,opposes_explained_class,original_financial_tabular_window_mean,test_proba,LimeTabularExplainer,test_proba,0.05535812329625783,0.8392338943702844,/kaggle/working/credit_rating_artifacts/lightgbm_financial_lime_test_idx_894.html,/kaggle/working/credit_rating_artifacts/lightgbm_financial_lime_row_unknown_all_classes_plot.png
CCI,Crown Castle GS III Corp.,2015-09-24,6,894,4,lightgbm,LightGBM,2,IG,0.9828801610055945,1,HY,0.011136652788344522,0.01958571124099442,roe > 0.77,-0.10911671891318048,opposes_explained_class,original_financial_tabular_window_mean,test_proba,LimeTabularExplainer,test_proba,0.05535812329625783,0.8392338943702844,/kaggle/working/credit_rating_artifacts/lightgbm_financial_lime_test_idx_894.html,/kaggle/working/credit_rating_artifacts/lightgbm_financial_lime_row_unknown_all_classes_plot.png
CCI,Crown Castle GS III Corp.,2015-09-24,6,894,5,lightgbm,LightGBM,2,IG,0.9828801610055945,1,HY,0.011136652788344522,0.01958571124099442,ebit_margin > 0.85,-0.10841697552489502,opposes_explained_class,original_financial_tabular_window_mean,test_proba,LimeTabularExplainer,test_proba,0.05535812329625783,0.8392338943702844,/kaggle/working/credit_rating_artifacts/lightgbm_financial_lime_test_idx_894.html,/kaggle/working/credit_rating_artifacts/lightgbm_financial_lime_row_unknown_all_classes_plot.png
CCI,Crown Castle GS III Corp.,2015-09-24,6,894,6,lightgbm,LightGBM,2,IG,0.9828801610055945,1,HY,0.011136652788344522,0.01958571124099442,debt_equity_ratio <= -0.81,-0.08019397910290839,opposes_explained_class,original_financial_tabular_window_mean,test_proba,LimeTabularExplainer,test_proba,0.05535812329625783,0.8392338943702844,/kaggle/working/credit_rating_artifacts/lightgbm_financial_lime_test_idx_894.html,/kaggle/working/credit_rating_artifacts/lightgbm_financial_lime_row_unknown_all_classes_plot.png
CCI,Crown Castle GS III Corp.,2015-09-24,6,894,7,lightgbm,LightGBM,2,IG,0.9828801610055945,1,HY,0.011136652788344522,0.01958571124099442,operating_cashflow_ps <= -0.92,-0.04907303729809561,opposes_explained_class,original_financial_tabular_window_mean,test_proba,LimeTabularExplainer,test_proba,0.05535812329625783,0.8392338943702844,/kaggle/working/credit_rating_artifacts/lightgbm_financial_lime_test_idx_894.html,/kaggle/working/credit_rating_artifacts/lightgbm_financial_lime_row_unknown_all_classes_plot.png
CCI,Crown Castle GS III Corp.,2015-09-24,6,894,8,lightgbm,LightGBM,2,IG,0.9828801610055945,1,HY,0.011136652788344522,0.01958571124099442,-1.13 < current_ratio <= -0.19,-0.04560421794183737,opposes_explained_class,original_financial_tabular_window_mean,test_proba,LimeTabularExplainer,test_proba,0.05535812329625783,0.8392338943702844,/kaggle/working/credit_rating_artifacts/lightgbm_financial_lime_test_idx_894.html,/kaggle/working/credit_rating_artifacts/lightgbm_financial_lime_row_unknown_all_classes_plot.png
CCI,Crown Castle GS III Corp.,2015-09-24,6,894,9,lightgbm,LightGBM,2,IG,0.9828801610055945,1,HY,0.011136652788344522,0.01958571124099442,-0.60 < asset_turnover <= 0.12,-0.03276970850104334,opposes_explained_class,original_financial_tabular_window_mean,test_proba,LimeTabularExplainer,test_proba,0.05535812329625783,0.8392338943702844,/kaggle/working/credit_rating_artifacts/lightgbm_financial_lime_test_idx_894.html,/kaggle/working/credit_rating_artifacts/lightgbm_financial_lime_row_unknown_all_classes_plot.png
CCI,Crown Castle GS III Corp.,2015-09-24,6,894,10,lightgbm,LightGBM,2,IG,0.9828801610055945,1,HY,0.011136652788344522,0.01958571124099442,gross_profit_margin > 0.81,-0.025213862510834385,opposes_explained_class,original_financial_tabular_window_mean,test_proba,LimeTabularExplainer,test_proba,0.05535812329625783,0.8392338943702844,/kaggle/working/credit_rating_artifacts/lightgbm_financial_lime_test_idx_894.html,/kaggle/working/credit_rating_artifacts/lightgbm_financial_lime_row_unknown_all_classes_plot.png
CCI,Crown Castle GS III Corp.,2015-09-24,6,894,1,lightgbm,LightGBM,2,IG,0.9828801610055945,2,IG,0.9828801610055945,0.9691594847791692,operating_profit_margin > 0.70,-0.39973737008940385,opposes_explained_class,original_financial_tabular_window_mean,test_proba,LimeTabularExplainer,test_proba,0.05535812329625783,0.8392338943702844,/kaggle/working/credit_rating_artifacts/lightgbm_financial_lime_test_idx_894.html,/kaggle/working/credit_rating_artifacts/lightgbm_financial_lime_row_unknown_all_classes_plot.png
CCI,Crown Castle GS III Corp.,2015-09-24,6,894,2,lightgbm,LightGBM,2,IG,0.9828801610055945,2,IG,0.9828801610055945,0.9691594847791692,pretax_profit_margin > 0.87,0.23088616509239232,supports_explained_class,original_financial_tabular_window_mean,test_proba,LimeTabularExplainer,test_proba,0.05535812329625783,0.8392338943702844,/kaggle/working/credit_rating_artifacts/lightgbm_financial_lime_test_idx_894.html,/kaggle/working/credit_rating_artifacts/lightgbm_financial_lime_row_unknown_all_classes_plot.png
CCI,Crown Castle GS III Corp.,2015-09-24,6,894,3,lightgbm,LightGBM,2,IG,0.9828801610055945,2,IG,0.9828801610055945,0.9691594847791692,net_profit_margin > 0.92,0.18636231918552137,supports_explained_class,original_financial_tabular_window_mean,test_proba,LimeTabularExplainer,test_proba,0.05535812329625783,0.8392338943702844,/kaggle/working/credit_rating_artifacts/lightgbm_financial_lime_test_idx_894.html,/kaggle/working/credit_rating_artifacts/lightgbm_financial_lime_row_unknown_all_classes_plot.png
CCI,Crown Castle GS III Corp.,2015-09-24,6,894,4,lightgbm,LightGBM,2,IG,0.9828801610055945,2,IG,0.9828801610055945,0.9691594847791692,roe > 0.77,0.10980745760496677,supports_explained_class,original_financial_tabular_window_mean,test_proba,LimeTabularExplainer,test_proba,0.05535812329625783,0.8392338943702844,/kaggle/working/credit_rating_artifacts/lightgbm_financial_lime_test_idx_894.html,/kaggle/working/credit_rating_artifacts/lightgbm_financial_lime_row_unknown_all_classes_plot.png
CCI,Crown Castle GS III Corp.,2015-09-24,6,894,5,lightgbm,LightGBM,2,IG,0.9828801610055945,2,IG,0.9828801610055945,0.9691594847791692,ebit_margin > 0.85,0.10970411454160871,supports_explained_class,original_financial_tabular_window_mean,test_proba,LimeTabularExplainer,test_proba,0.05535812329625783,0.8392338943702844,/kaggle/working/credit_rating_artifacts/lightgbm_financial_lime_test_idx_894.html,/kaggle/working/credit_rating_artifacts/lightgbm_financial_lime_row_unknown_all_classes_plot.png
CCI,Crown Castle GS III Corp.,2015-09-24,6,894,6,lightgbm,LightGBM,2,IG,0.9828801610055945,2,IG,0.9828801610055945,0.9691594847791692,debt_equity_ratio <= -0.81,0.07499664309597909,supports_explained_class,original_financial_tabular_window_mean,test_proba,LimeTabularExplainer,test_proba,0.05535812329625783,0.8392338943702844,/kaggle/working/credit_rating_artifacts/lightgbm_financial_lime_test_idx_894.html,/kaggle/working/credit_rating_artifacts/lightgbm_financial_lime_row_unknown_all_classes_plot.png
CCI,Crown Castle GS III Corp.,2015-09-24,6,894,7,lightgbm,LightGBM,2,IG,0.9828801610055945,2,IG,0.9828801610055945,0.9691594847791692,operating_cashflow_ps <= -0.92,0.0484657969158105,supports_explained_class,original_financial_tabular_window_mean,test_proba,LimeTabularExplainer,test_proba,0.05535812329625783,0.8392338943702844,/kaggle/working/credit_rating_artifacts/lightgbm_financial_lime_test_idx_894.html,/kaggle/working/credit_rating_artifacts/lightgbm_financial_lime_row_unknown_all_classes_plot.png
CCI,Crown Castle GS III Corp.,2015-09-24,6,894,8,lightgbm,LightGBM,2,IG,0.9828801610055945,2,IG,0.9828801610055945,0.9691594847791692,-1.13 < current_ratio <= -0.19,0.04440516777963936,supports_explained_class,original_financial_tabular_window_mean,test_proba,LimeTabularExplainer,test_proba,0.05535812329625783,0.8392338943702844,/kaggle/working/credit_rating_artifacts/lightgbm_financial_lime_test_idx_894.html,/kaggle/working/credit_rating_artifacts/lightgbm_financial_lime_row_unknown_all_classes_plot.png
CCI,Crown Castle GS III Corp.,2015-09-24,6,894,9,lightgbm,LightGBM,2,IG,0.9828801610055945,2,IG,0.9828801610055945,0.9691594847791692,-0.60 < asset_turnover <= 0.12,0.033319456867300465,supports_explained_class,original_financial_tabular_window_mean,test_proba,LimeTabularExplainer,test_proba,0.05535812329625783,0.8392338943702844,/kaggle/working/credit_rating_artifacts/lightgbm_financial_lime_test_idx_894.html,/kaggle/working/credit_rating_artifacts/lightgbm_financial_lime_row_unknown_all_classes_plot.png
CCI,Crown Castle GS III Corp.,2015-09-24,6,894,10,lightgbm,LightGBM,2,IG,0.9828801610055945,2,IG,0.9828801610055945,0.9691594847791692,free_cashflow_ps <= -0.55,-0.02119269704482359,opposes_explained_class,original_financial_tabular_window_mean,test_proba,LimeTabularExplainer,test_proba,0.05535812329625783,0.8392338943702844,/kaggle/working/credit_rating_artifacts/lightgbm_financial_lime_test_idx_894.html,/kaggle/working/credit_rating_artifacts/lightgbm_financial_lime_row_unknown_all_classes_plot.png
DOV,DOVER CORPORATION,2015-07-23,1,1169,1,lightgbm,LightGBM,2,IG,0.9828743917958499,0,Distressed,0.006135592421729745,0.013893097315609983,pretax_profit_margin > 0.87,0.00507381442479394,supports_explained_class,original_financial_tabular_window_mean,test_proba,LimeTabularExplainer,test_proba,0.05535812329625783,0.8392338943702844,/kaggle/working/credit_rating_artifacts/lightgbm_financial_lime_test_idx_1169.html,/kaggle/working/credit_rating_artifacts/lightgbm_financial_lime_row_unknown_all_classes_plot.png
DOV,DOVER CORPORATION,2015-07-23,1,1169,2,lightgbm,LightGBM,2,IG,0.9828743917958499,0,Distressed,0.006135592421729745,0.013893097315609983,0.41 < net_profit_margin <= 0.92,0.0029848629403559958,supports_explained_class,original_financial_tabular_window_mean,test_proba,LimeTabularExplainer,test_proba,0.05535812329625783,0.8392338943702844,/kaggle/working/credit_rating_artifacts/lightgbm_financial_lime_test_idx_1169.html,/kaggle/working/credit_rating_artifacts/lightgbm_financial_lime_row_unknown_all_classes_plot.png
DOV,DOVER CORPORATION,2015-07-23,1,1169,3,lightgbm,LightGBM,2,IG,0.9828743917958499,0,Distressed,0.006135592421729745,0.013893097315609983,-0.13 < gross_profit_margin <= 0.81,0.0026132090478673585,supports_explained_class,original_financial_tabular_window_mean,test_proba,LimeTabularExplainer,test_proba,0.05535812329625783,0.8392338943702844,/kaggle/working/credit_rating_artifacts/lightgbm_financial_lime_test_idx_1169.html,/kaggle/working/credit_rating_artifacts/lightgbm_financial_lime_row_unknown_all_classes_plot.png
DOV,DOVER CORPORATION,2015-07-23,1,1169,4,lightgbm,LightGBM,2,IG,0.9828743917958499,0,Distressed,0.006135592421729745,0.013893097315609983,0.23 < operating_profit_margin <= 0.70,0.0024670147070948232,supports_explained_class,original_financial_tabular_window_mean,test_proba,LimeTabularExplainer,test_proba,0.05535812329625783,0.8392338943702844,/kaggle/working/credit_rating_artifacts/lightgbm_financial_lime_test_idx_1169.html,/kaggle/working/credit_rating_artifacts/lightgbm_financial_lime_row_unknown_all_classes_plot.png
DOV,DOVER CORPORATION,2015-07-23,1,1169,5,lightgbm,LightGBM,2,IG,0.9828743917958499,0,Distressed,0.006135592421729745,0.013893097315609983,0.32 < ebit_margin <= 0.85,0.0019516127973428343,supports_explained_class,original_financial_tabular_window_mean,test_proba,LimeTabularExplainer,test_proba,0.05535812329625783,0.8392338943702844,/kaggle/working/credit_rating_artifacts/lightgbm_financial_lime_test_idx_1169.html,/kaggle/working/credit_rating_artifacts/lightgbm_financial_lime_row_unknown_all_classes_plot.png
DOV,DOVER CORPORATION,2015-07-23,1,1169,6,lightgbm,LightGBM,2,IG,0.9828743917958499,0,Distressed,0.006135592421729745,0.013893097315609983,-0.81 < debt_equity_ratio <= 0.05,0.0017946723558504981,supports_explained_class,original_financial_tabular_window_mean,test_proba,LimeTabularExplainer,test_proba,0.05535812329625783,0.8392338943702844,/kaggle/working/credit_rating_artifacts/lightgbm_financial_lime_test_idx_1169.html,/kaggle/working/credit_rating_artifacts/lightgbm_financial_lime_row_unknown_all_classes_plot.png
DOV,DOVER CORPORATION,2015-07-23,1,1169,7,lightgbm,LightGBM,2,IG,0.9828743917958499,0,Distressed,0.006135592421729745,0.013893097315609983,free_cashflow_ps <= -0.55,-0.001608147865674024,opposes_explained_class,original_financial_tabular_window_mean,test_proba,LimeTabularExplainer,test_proba,0.05535812329625783,0.8392338943702844,/kaggle/working/credit_rating_artifacts/lightgbm_financial_lime_test_idx_1169.html,/kaggle/working/credit_rating_artifacts/lightgbm_financial_lime_row_unknown_all_classes_plot.png
DOV,DOVER CORPORATION,2015-07-23,1,1169,8,lightgbm,LightGBM,2,IG,0.9828743917958499,0,Distressed,0.006135592421729745,0.013893097315609983,operating_cashflow_ps <= -0.92,0.0015330754411722468,supports_explained_class,original_financial_tabular_window_mean,test_proba,LimeTabularExplainer,test_proba,0.05535812329625783,0.8392338943702844,/kaggle/working/credit_rating_artifacts/lightgbm_financial_lime_test_idx_1169.html,/kaggle/working/credit_rating_artifacts/lightgbm_financial_lime_row_unknown_all_classes_plot.png
DOV,DOVER CORPORATION,2015-07-23,1,1169,9,lightgbm,LightGBM,2,IG,0.9828743917958499,0,Distressed,0.006135592421729745,0.013893097315609983,roa > 0.92,-0.0011775454934948087,opposes_explained_class,original_financial_tabular_window_mean,test_proba,LimeTabularExplainer,test_proba,0.05535812329625783,0.8392338943702844,/kaggle/working/credit_rating_artifacts/lightgbm_financial_lime_test_idx_1169.html,/kaggle/working/credit_rating_artifacts/lightgbm_financial_lime_row_unknown_all_classes_plot.png
DOV,DOVER CORPORATION,2015-07-23,1,1169,10,lightgbm,LightGBM,2,IG,0.9828743917958499,0,Distressed,0.006135592421729745,0.013893097315609983,0.12 < asset_turnover <= 1.13,0.0006567020693707569,supports_explained_class,original_financial_tabular_window_mean,test_proba,LimeTabularExplainer,test_proba,0.05535812329625783,0.8392338943702844,/kaggle/working/credit_rating_artifacts/lightgbm_financial_lime_test_idx_1169.html,/kaggle/working/credit_rating_artifacts/lightgbm_financial_lime_row_unknown_all_classes_plot.png
DOV,DOVER CORPORATION,2015-07-23,1,1169,1,lightgbm,LightGBM,2,IG,0.9828743917958499,1,HY,0.010990015782420346,0.013481192908222021,pretax_profit_margin > 0.87,-0.31080518096204046,opposes_explained_class,original_financial_tabular_window_mean,test_proba,LimeTabularExplainer,test_proba,0.05535812329625783,0.8392338943702844,/kaggle/working/credit_rating_artifacts/lightgbm_financial_lime_test_idx_1169.html,/kaggle/working/credit_rating_artifacts/lightgbm_financial_lime_row_unknown_all_classes_plot.png
DOV,DOVER CORPORATION,2015-07-23,1,1169,2,lightgbm,LightGBM,2,IG,0.9828743917958499,1,HY,0.010990015782420346,0.013481192908222021,0.23 < operating_profit_margin <= 0.70,0.1405445429649053,supports_explained_class,original_financial_tabular_window_mean,test_proba,LimeTabularExplainer,test_proba,0.05535812329625783,0.8392338943702844,/kaggle/working/credit_rating_artifacts/lightgbm_financial_lime_test_idx_1169.html,/kaggle/working/credit_rating_artifacts/lightgbm_financial_lime_row_unknown_all_classes_plot.png
DOV,DOVER CORPORATION,2015-07-23,1,1169,3,lightgbm,LightGBM,2,IG,0.9828743917958499,1,HY,0.010990015782420346,0.013481192908222021,0.32 < ebit_margin <= 0.85,-0.07648818564747453,opposes_explained_class,original_financial_tabular_window_mean,test_proba,LimeTabularExplainer,test_proba,0.05535812329625783,0.8392338943702844,/kaggle/working/credit_rating_artifacts/lightgbm_financial_lime_test_idx_1169.html,/kaggle/working/credit_rating_artifacts/lightgbm_financial_lime_row_unknown_all_classes_plot.png
DOV,DOVER CORPORATION,2015-07-23,1,1169,4,lightgbm,LightGBM,2,IG,0.9828743917958499,1,HY,0.010990015782420346,0.013481192908222021,roe > 0.77,-0.07510964900579854,opposes_explained_class,original_financial_tabular_window_mean,test_proba,LimeTabularExplainer,test_proba,0.05535812329625783,0.8392338943702844,/kaggle/working/credit_rating_artifacts/lightgbm_financial_lime_test_idx_1169.html,/kaggle/working/credit_rating_artifacts/lightgbm_financial_lime_row_unknown_all_classes_plot.png
DOV,DOVER CORPORATION,2015-07-23,1,1169,5,lightgbm,LightGBM,2,IG,0.9828743917958499,1,HY,0.010990015782420346,0.013481192908222021,0.41 < net_profit_margin <= 0.92,0.07319303274012748,supports_explained_class,original_financial_tabular_window_mean,test_proba,LimeTabularExplainer,test_proba,0.05535812329625783,0.8392338943702844,/kaggle/working/credit_rating_artifacts/lightgbm_financial_lime_test_idx_1169.html,/kaggle/working/credit_rating_artifacts/lightgbm_financial_lime_row_unknown_all_classes_plot.png
DOV,DOVER CORPORATION,2015-07-23,1,1169,6,lightgbm,LightGBM,2,IG,0.9828743917958499,1,HY,0.010990015782420346,0.013481192908222021,0.12 < asset_turnover <= 1.13,-0.07314679159388622,opposes_explained_class,original_financial_tabular_window_mean,test_proba,LimeTabularExplainer,test_proba,0.05535812329625783,0.8392338943702844,/kaggle/working/credit_rating_artifacts/lightgbm_financial_lime_test_idx_1169.html,/kaggle/working/credit_rating_artifacts/lightgbm_financial_lime_row_unknown_all_classes_plot.png
DOV,DOVER CORPORATION,2015-07-23,1,1169,7,lightgbm,LightGBM,2,IG,0.9828743917958499,1,HY,0.010990015782420346,0.013481192908222021,-1.13 < current_ratio <= -0.19,-0.06932163927733788,opposes_explained_class,original_financial_tabular_window_mean,test_proba,LimeTabularExplainer,test_proba,0.05535812329625783,0.8392338943702844,/kaggle/working/credit_rating_artifacts/lightgbm_financial_lime_test_idx_1169.html,/kaggle/working/credit_rating_artifacts/lightgbm_financial_lime_row_unknown_all_classes_plot.png
DOV,DOVER CORPORATION,2015-07-23,1,1169,8,lightgbm,LightGBM,2,IG,0.9828743917958499,1,HY,0.010990015782420346,0.013481192908222021,-0.13 < gross_profit_margin <= 0.81,-0.06255646846088085,opposes_explained_class,original_financial_tabular_window_mean,test_proba,LimeTabularExplainer,test_proba,0.05535812329625783,0.8392338943702844,/kaggle/working/credit_rating_artifacts/lightgbm_financial_lime_test_idx_1169.html,/kaggle/working/credit_rating_artifacts/lightgbm_financial_lime_row_unknown_all_classes_plot.png
DOV,DOVER CORPORATION,2015-07-23,1,1169,9,lightgbm,LightGBM,2,IG,0.9828743917958499,1,HY,0.010990015782420346,0.013481192908222021,-0.81 < debt_equity_ratio <= 0.05,-0.05151030609599954,opposes_explained_class,original_financial_tabular_window_mean,test_proba,LimeTabularExplainer,test_proba,0.05535812329625783,0.8392338943702844,/kaggle/working/credit_rating_artifacts/lightgbm_financial_lime_test_idx_1169.html,/kaggle/working/credit_rating_artifacts/lightgbm_financial_lime_row_unknown_all_classes_plot.png
DOV,DOVER CORPORATION,2015-07-23,1,1169,10,lightgbm,LightGBM,2,IG,0.9828743917958499,1,HY,0.010990015782420346,0.013481192908222021,operating_cashflow_ps <= -0.92,-0.04463873290592783,opposes_explained_class,original_financial_tabular_window_mean,test_proba,LimeTabularExplainer,test_proba,0.05535812329625783,0.8392338943702844,/kaggle/working/credit_rating_artifacts/lightgbm_financial_lime_test_idx_1169.html,/kaggle/working/credit_rating_artifacts/lightgbm_financial_lime_row_unknown_all_classes_plot.png
DOV,DOVER CORPORATION,2015-07-23,1,1169,1,lightgbm,LightGBM,2,IG,0.9828743917958499,2,IG,0.9828743917958499,0.972625709776168,pretax_profit_margin > 0.87,0.30327799224806984,supports_explained_class,original_financial_tabular_window_mean,test_proba,LimeTabularExplainer,test_proba,0.05535812329625783,0.8392338943702844,/kaggle/working/credit_rating_artifacts/lightgbm_financial_lime_test_idx_1169.html,/kaggle/working/credit_rating_artifacts/lightgbm_financial_lime_row_unknown_all_classes_plot.png
DOV,DOVER CORPORATION,2015-07-23,1,1169,2,lightgbm,LightGBM,2,IG,0.9828743917958499,2,IG,0.9828743917958499,0.972625709776168,0.23 < operating_profit_margin <= 0.70,-0.1423479172048573,opposes_explained_class,original_financial_tabular_window_mean,test_proba,LimeTabularExplainer,test_proba,0.05535812329625783,0.8392338943702844,/kaggle/working/credit_rating_artifacts/lightgbm_financial_lime_test_idx_1169.html,/kaggle/working/credit_rating_artifacts/lightgbm_financial_lime_row_unknown_all_classes_plot.png
DOV,DOVER CORPORATION,2015-07-23,1,1169,3,lightgbm,LightGBM,2,IG,0.9828743917958499,2,IG,0.9828743917958499,0.972625709776168,0.41 < net_profit_margin <= 0.92,-0.0772442740379525,opposes_explained_class,original_financial_tabular_window_mean,test_proba,LimeTabularExplainer,test_proba,0.05535812329625783,0.8392338943702844,/kaggle/working/credit_rating_artifacts/lightgbm_financial_lime_test_idx_1169.html,/kaggle/working/credit_rating_artifacts/lightgbm_financial_lime_row_unknown_all_classes_plot.png
DOV,DOVER CORPORATION,2015-07-23,1,1169,4,lightgbm,LightGBM,2,IG,0.9828743917958499,2,IG,0.9828743917958499,0.972625709776168,roe > 0.77,0.07503580019917132,supports_explained_class,original_financial_tabular_window_mean,test_proba,LimeTabularExplainer,test_proba,0.05535812329625783,0.8392338943702844,/kaggle/working/credit_rating_artifacts/lightgbm_financial_lime_test_idx_1169.html,/kaggle/working/credit_rating_artifacts/lightgbm_financial_lime_row_unknown_all_classes_plot.png
DOV,DOVER CORPORATION,2015-07-23,1,1169,5,lightgbm,LightGBM,2,IG,0.9828743917958499,2,IG,0.9828743917958499,0.972625709776168,0.32 < ebit_margin <= 0.85,0.07401581714222218,supports_explained_class,original_financial_tabular_window_mean,test_proba,LimeTabularExplainer,test_proba,0.05535812329625783,0.8392338943702844,/kaggle/working/credit_rating_artifacts/lightgbm_financial_lime_test_idx_1169.html,/kaggle/working/credit_rating_artifacts/lightgbm_financial_lime_row_unknown_all_classes_plot.png
DOV,DOVER CORPORATION,2015-07-23,1,1169,6,lightgbm,LightGBM,2,IG,0.9828743917958499,2,IG,0.9828743917958499,0.972625709776168,-1.13 < current_ratio <= -0.19,0.0728317670090861,supports_explained_class,original_financial_tabular_window_mean,test_proba,LimeTabularExplainer,test_proba,0.05535812329625783,0.8392338943702844,/kaggle/working/credit_rating_artifacts/lightgbm_financial_lime_test_idx_1169.html,/kaggle/working/credit_rating_artifacts/lightgbm_financial_lime_row_unknown_all_classes_plot.png
DOV,DOVER CORPORATION,2015-07-23,1,1169,7,lightgbm,LightGBM,2,IG,0.9828743917958499,2,IG,0.9828743917958499,0.972625709776168,0.12 < asset_turnover <= 1.13,0.07094374646824354,supports_explained_class,original_financial_tabular_window_mean,test_proba,LimeTabularExplainer,test_proba,0.05535812329625783,0.8392338943702844,/kaggle/working/credit_rating_artifacts/lightgbm_financial_lime_test_idx_1169.html,/kaggle/working/credit_rating_artifacts/lightgbm_financial_lime_row_unknown_all_classes_plot.png
DOV,DOVER CORPORATION,2015-07-23,1,1169,8,lightgbm,LightGBM,2,IG,0.9828743917958499,2,IG,0.9828743917958499,0.972625709776168,-0.13 < gross_profit_margin <= 0.81,0.061571773249739066,supports_explained_class,original_financial_tabular_window_mean,test_proba,LimeTabularExplainer,test_proba,0.05535812329625783,0.8392338943702844,/kaggle/working/credit_rating_artifacts/lightgbm_financial_lime_test_idx_1169.html,/kaggle/working/credit_rating_artifacts/lightgbm_financial_lime_row_unknown_all_classes_plot.png
DOV,DOVER CORPORATION,2015-07-23,1,1169,9,lightgbm,LightGBM,2,IG,0.9828743917958499,2,IG,0.9828743917958499,0.972625709776168,-0.81 < debt_equity_ratio <= 0.05,0.04883261114075366,supports_explained_class,original_financial_tabular_window_mean,test_proba,LimeTabularExplainer,test_proba,0.05535812329625783,0.8392338943702844,/kaggle/working/credit_rating_artifacts/lightgbm_financial_lime_test_idx_1169.html,/kaggle/working/credit_rating_artifacts/lightgbm_financial_lime_row_unknown_all_classes_plot.png
DOV,DOVER CORPORATION,2015-07-23,1,1169,10,lightgbm,LightGBM,2,IG,0.9828743917958499,2,IG,0.9828743917958499,0.972625709776168,roa > 0.92,0.04483693741116871,supports_explained_class,original_financial_tabular_window_mean,test_proba,LimeTabularExplainer,test_proba,0.05535812329625783,0.8392338943702844,/kaggle/working/credit_rating_artifacts/lightgbm_financial_lime_test_idx_1169.html,/kaggle/working/credit_rating_artifacts/lightgbm_financial_lime_row_unknown_all_classes_plot.png
