row_id,ticker,company_name,rating_date,y_true_numeric,y_pred_numeric
6891,CRS,Carpenter Technology Corp.,2011-12-15,2,2
6892,ORCL,ORACLE CORPORATION,2015-09-30,2,2
6893,SYY,SYSCO CORPORATION,2014-09-04,2,2
6894,AEE,Ameren Corporation,2015-11-20,2,2
6895,LLY,Eli Lilly and Company,2015-05-26,2,2
6896,EOG,"EOG Resources, Inc.",2015-03-12,2,2
6897,SYY,Sysco Corp.,2015-04-16,2,2
6898,MSFT,Microsoft Corporation,2013-06-04,2,2
6899,ENR,"Energizer Holdings, Inc.",2016-09-29,2,1
6900,ENR,ENERGIZER HOLDINGS INC,2013-12-12,2,2
6901,MHK,Mohawk Industries Inc.,2012-12-06,2,2
6902,ALR,Alere Inc.,2012-11-27,1,0
6903,NGG,National Grid North America Inc.,2015-03-30,2,2
6904,CMP,"Compass Minerals International, Inc.",2016-06-16,1,1
6905,NFG,National Fuel Gas Company,2015-06-22,2,2
6906,HLT,HILTON WORLDWIDE HOLDINGS INC,2014-11-20,1,1
6907,VEON,VEON Ltd.,2012-06-15,1,1
6908,BAK,Braskem S.A.,2014-08-08,2,2
6909,CVS,CVS Health Corporation,2015-07-03,2,2
6910,BWA,BORGWARNER INC,2013-08-02,2,2
6911,CLH,"Clean Harbors, Inc.",2012-11-27,1,1
6912,HEES,H&E Equipment Services Inc.,2014-07-25,1,1
6913,SANM,Sanmina Corp.,2014-10-30,1,1
6914,CHTR,Charter Communications Inc.,2014-10-29,1,1
6915,TDG,TransDigm Inc.,2013-08-23,0,0
6916,XYL,Xylem Inc.,2016-08-15,2,2
6917,DLX,DELUXE CORPORATION,2014-05-12,2,2
6918,TDG,TransDigm Inc.,2015-05-11,1,0
6919,EMN,Eastman Chemical Company,2016-11-16,2,2
6920,CCZ,Comcast Corporation,2014-02-21,2,2
6921,ETR,ENTERGY CORPORATION,2014-05-13,2,2
6922,MDLZ,"Mondelez International, Inc.",2011-08-04,2,2
6923,MHK,"Mohawk Industries, Inc.",2014-11-24,2,2
6924,ENS,EnerSys,2015-08-25,1,1
6925,AMD,"Advanced Micro Devices, Inc.",2015-04-21,0,0
6926,MTH,Meritage Homes Corporation,2012-09-12,1,1
6927,RRC,Range Resources Corporation,2013-08-29,1,1
6928,GOLD,Barrick Gold Corp.,2016-03-07,2,2
6929,PCG,PG&E Corp.,2011-03-16,2,2
6930,CENX,CENTURY ALUMINUM COMPANY,2014-08-13,1,1
6931,AAL,"American Airlines Group, Inc.",2013-11-12,1,1
6932,RCII,"Rent-A-Center, Inc.",2012-06-15,1,1
6933,AMGN,Amgen Inc.,2013-09-13,2,2
6934,BUD,"Anheuser-Busch InBev Finance, Inc",2016-01-20,2,2
6935,CHK,Chesapeake Energy Corporation,2012-06-15,1,1
6936,EXC,Exelon Corp.,2014-07-31,2,2
6937,SWK,"Stanley Black & Decker, Inc.",2016-11-07,2,2
6938,DRI,"DARDEN RESTAURANTS, INC",2014-07-01,1,1
6939,PKG,Packaging Corp. of America,2012-12-20,2,2
6940,UGP,Ultrapar Participacoes S.A.,2012-06-15,2,1
6941,FMC,FMC CORPORATION,2014-11-12,2,2
6942,MTOR,Meritor Inc.,2013-02-22,1,1
6943,HSC,Harsco Corporation,2012-06-15,2,1
6944,OMC,OMNICOM GROUP INC,2013-07-29,2,2
6945,PLOW,Douglas Dynamics LLC,2015-03-17,1,1
6946,LEN,Lennar Corporation,2015-04-21,1,1
6947,ATVI,"Activision Blizzard, Inc.",2016-05-17,2,2
6948,OMI,Owens & Minor Inc.,2015-07-31,2,2
6949,BWA,BorgWarner Inc.,2015-03-09,2,2
6950,ORLY,O'Reilly Automotive Inc.,2014-01-17,2,2
6951,EQT,EQT CORPORATION,2014-12-10,2,2
6952,PPC,PILGRIM'S PRIDE CORPORATION,2015-08-27,1,1
6953,CVX,Chevron Corporation,2016-09-13,2,2
6954,BMY,Bristol-Myers Squibb Co.,2013-07-08,2,2
6955,NGL,NGL Energy Partners LP,2015-10-30,1,1
6956,AMAG,"AMAG Pharmaceuticals, Inc.",2015-10-12,1,1
6957,CAT,CATERPILLAR INC,2015-05-04,2,2
6958,VC,Visteon Corporation,2012-06-15,1,1
6959,SKM,SK Telecom Co. Ltd.,2012-02-14,2,2
6960,RRC,Range Resources Corp.,2011-06-27,1,1
6961,CAT,CATERPILLAR INC,2015-02-13,2,2
6962,PFE,PFIZER INC.,2015-01-14,2,2
6963,BKR,Baker Hughes Inc.,2011-08-19,2,2
6964,ARW,"ARROW ELECTRONICS, INC",2014-09-03,2,2
6965,CVS,CVS HEALTH CORPORATION,2014-03-14,2,2
6966,DHR,DANAHER CORPORATION,2015-05-13,2,2
6967,NGL,NGL Energy Partners LP,2013-11-07,1,1
6968,TGT,TARGET CORPORATION,2013-12-16,2,2
6969,KTOS,"Kratos Defense & Security Solutions, Inc.",2016-12-16,0,1
6970,GM,General Motors Company,2014-11-04,1,2
6971,SWX,Southwest Gas Corp.,2011-04-27,2,2
6972,XRX,Xerox Corporation,2012-06-15,2,2
6973,APH,Amphenol Corp.,2014-04-30,2,2
6974,AZO,"AUTOZONE, INC",2014-06-27,2,2
6975,GPS,"GAP, INC",2014-09-09,2,2
6976,WMB,WILLIAMS COMPANIES INC.,2014-03-17,1,1
6977,LYB,LyondellBasell Industries N.V.,2012-06-15,1,1
6978,THC,Tenet Healthcare Corp.,2011-11-04,1,0
6979,SWX,Southwest Gas Corp.,2013-05-10,2,2
6980,MAS,MASCO CORPORATION,2015-10-29,1,1
6981,WPP,WPP PLC,2014-01-22,2,2
6982,JBL,Jabil Inc.,2012-12-10,2,1
6983,BCC,Boise Cascade Company,2016-08-15,1,1
6984,SANM,Sanmina Corporation,2013-04-26,1,1
6985,XEL,Xcel Energy Inc.,2014-11-06,2,2
6986,PKX,POSCO,2016-06-22,2,2
6987,LYB,LyondellBasell Industries N.V.,2013-05-29,2,2
6988,FTS,Fortis Inc.,2016-02-09,2,2
6989,FLEX,Flex Ltd.,2016-06-03,2,1
6990,TDS,"Telephone and Data Systems, Inc.",2012-06-15,2,2
6991,TECK,Teck Resources Ltd.,2016-05-27,1,1
6992,SLGN,Silgan Holdings Inc.,2011-06-20,1,1
6993,OLN,OLIN CORPORATION,2015-03-27,2,2
6994,SRE,SEMPRA ENERGY,2015-11-06,2,2
6995,PSO,Pearson PLC,2016-03-03,2,2
6996,FLR,Fluor Corp.,2010-11-23,2,2
6997,ALB,Albemarle Corporation,2014-11-17,2,2
6998,CCEP,COCA-COLA EUROPEAN PARTNERS,2014-07-30,2,2
6999,CHDN,Churchill Downs Inc.,2014-11-13,1,1
7000,CLMT,Calumet Specialty Products Partners LP,2013-03-29,1,1
7001,GBX,Greenbrier Companies Inc. (The),2012-01-10,0,1
7002,TRN,Trinity Industries Inc.,2013-11-25,2,1
7003,AEE,Ameren Corp.,2013-12-04,2,2
7004,NEM,Newmont USA Ltd.,2010-10-15,2,2
7005,NBR,NABORS INDUSTRIES LTD,2014-03-20,2,2
7006,ATO,Atmos Energy Corp.,2015-10-29,2,2
7007,NBR,NABORS INDUSTRIES LTD,2013-07-30,2,2
7008,JBL,JABIL INC,2015-09-30,2,2
7009,MCHP,Microchip Technology Inc.,2015-03-11,2,1
7010,SCCO,Southern Power Company,2013-07-12,2,2
7011,DUK,Duke Energy Corporation,2014-04-02,2,2
7012,CHK,Chesapeake Energy Corp.,2015-12-04,1,0
7013,CVE,Cenovus Energy Inc.,2011-01-28,2,2
7014,LII,LENNOX INTERNATIONAL INC.,2015-07-21,2,2
7015,AVA,Avista Corp.,2014-01-30,2,2
7016,KMT,Kennametal Inc.,2010-07-15,2,2
7017,MO,Altria Group,2014-11-10,2,2
7018,AON,Aon plc,2014-11-26,2,2
7019,BABA,Alibaba Group Holding Limited,2014-11-13,2,2
7020,FLS,FLOWSERVE CORPORATION,2014-05-07,2,2
7021,CLMT,Calumet Specialty Products Partners LP,2011-04-12,1,1
7022,WEC,WEC Energy Group Inc.,2013-06-25,2,2
7023,WEC,WEC ENERGY GROUP INC,2015-02-25,2,2
7024,CNI,Canadian National Railway Co.,2013-12-09,2,2
7025,SALM,"Salem Media Group, Inc.",2016-08-15,1,1
7026,FTI,FMC Technologies Inc.,2015-02-12,2,2
7027,NBR,Nabors Industries Inc.,2013-11-13,2,2
7028,CMC,COMMERCIAL METALS COMPANY,2013-09-25,2,1
7029,TRI,THOMSON REUTERS CORPORATION,2013-12-12,2,2
7030,CAG,"CONAGRA BRANDS, INC",2013-10-08,2,2
7031,IPG,INTERPUBLIC GROUP OF,2014-10-31,2,2
7032,XPO,"XPO Logistics, Inc.",2015-06-01,1,1
7033,WOR,"WORTHINGTON INDUSTRIES, INC",2014-09-10,2,2
7034,FDX,FEDEX CORPORATION,2015-04-07,2,2
7035,PKI,"PERKINELMER, INC",2014-05-14,2,2
7036,UGI,UGI CORPORATION,2013-09-13,2,2
7037,WEC,WEC Energy Group Inc.,2015-06-29,2,2
7038,NEM,Newmont USA Ltd.,2011-10-21,2,2
7039,CCU,"iHeartCommunications, Inc.",2013-06-11,0,0
7040,EOG,"EOG RESOURCES, INC",2015-03-06,2,2
7041,DAL,Delta Air Lines Inc.,2013-11-26,1,1
7042,BIIB,Biogen Inc.,2015-05-18,2,2
7043,XRX,XEROX CORPORATION,2015-02-12,1,1
7044,HBI,Hanesbrands Inc.,2011-11-29,1,1
7045,MKC,McCormick & Co. Inc.,2014-02-28,2,2
7046,EAT,Brinker International Inc.,2016-08-11,2,2
7047,UIS,UNISYS CORPORATION,2014-08-01,1,1
7048,MRC,MRC Global (US) Inc.,2012-06-15,1,1
7049,CSX,CSX Corporation,2016-10-14,2,2
7050,CSX,CSX Corp.,2011-04-28,2,2
7051,SPXC,SPX Corporation,2012-06-15,1,2
7052,XOM,EXXON MOBIL CORPORATION,2014-03-11,2,2
7053,CAH,"CARDINAL HEALTH, INC",2015-02-09,2,2
7054,CVX,Chevron Corporation,2015-01-16,2,2
7055,DHI,"D.R. Horton, Inc.",2013-07-31,1,1
7056,ADS,Alliance Laundry Systems LLC,2012-06-15,1,2
7057,NFLX,Netflix Inc,2014-06-09,1,1
7058,NKE,"NIKE, Inc.",2015-10-26,2,2
7059,CCU,"iHeartCommunications, Inc.",2013-02-22,0,0
7060,OMC,"Omnicom Group, Inc.",2016-03-28,2,2
7061,TRN,"TRINITY INDUSTRIES, INC",2015-03-31,1,1
7062,OTEX,Open Text Corporation,2012-11-08,2,2
7063,MMM,3M COMPANY,2015-07-31,2,2
7064,DOOR,Masonite International Corp.,2015-03-09,1,1
7065,SBUX,Starbucks Corp.,2013-09-04,2,2
7066,JBL,JABIL INC,2013-10-02,2,2
7067,PBI,Pitney Bowes Inc.,2016-10-14,2,2
7068,VMC,VULCAN MATERIALS COMPANY,2015-09-18,2,1
7069,HTZ,"HERTZ GLOBAL HOLDINGS, INC",2015-11-11,1,1
7070,BDX,Becton Dickinson & Co.,2014-12-04,2,2
7071,EPD,ENTERPRISE PRODUCTS PARTNERS,2015-07-17,2,2
7072,KW,Kennedy-Wilson Holdings Inc.,2014-03-19,1,1
7073,OXY,OCCIDENTAL PETROLEUM,2015-03-05,2,2
7074,NWL,Newell Brands,2016-05-13,2,2
7075,PKI,PerkinElmer Inc.,2011-09-08,2,2
7076,WLL,Whiting Petroleum Corporation,2016-07-28,0,0
7077,KEP,Korea Electric Power Corporation,2015-07-01,2,2
7078,LLY,Eli Lilly & Co.,2014-10-31,2,2
7079,SWN,Southwestern Energy Company,2016-02-18,1,1
7080,BDX,"Becton, Dickinson and Company",2015-03-17,2,2
7081,EFX,EQUIFAX INC,2014-03-12,2,2
7082,DGI,"DigitalGlobe, Inc.",2013-01-15,1,2
7083,ADM,Archer Daniels Midland Co.,2012-10-26,2,2
7084,DBD,Diebold Nixdorf Inc.,2015-12-17,1,1
7085,JCI,Johnson Controls International plc,2015-08-24,2,2
7086,ABG,"ASBURY AUTOMOTIVE GROUP, INC",2015-03-06,2,2
7087,GCI,TEGNA Inc.,2013-07-24,1,1
7088,SCCO,Southern Copper Corporation,2015-04-22,2,2
7089,SONY,Sony Corporation,2012-11-09,2,2
7090,MKC,MCCORMICK & COMPANY,2014-02-06,2,2
7091,PNM,"PNM RESOURCES, INC.",2014-04-14,2,2
7092,COP,CONOCOPHILLIPS,2015-11-09,2,2
7093,ERJ,Embraer Overseas Limited,2016-02-17,2,2
7094,SCCO,Southern Power Company,2015-10-01,2,2
7095,ECL,ECOLAB INC.,2014-01-17,2,2
7096,POST,"Post Holdings, Inc.",2016-12-14,1,1
7097,VGR,Vector Group Ltd.,2014-05-06,1,1
7098,PCG,PG&E CORPORATION,2015-05-12,2,2
7099,CAT,CATERPILLAR INC,2015-10-23,2,2
7100,VSAT,"ViaSat, Inc.",2016-05-31,1,1
7101,BC,Brunswick Corporation,2016-06-22,2,2
7102,UNIT,Uniti Group Inc.,2016-12-12,0,2
7103,PXD,PIONEER NATURAL RESOURCES,2014-08-26,2,2
7104,EQIX,"EQUINIX, INC.",2015-04-13,1,1
7105,CMCSA,Comcast Corporation,2016-02-17,2,2
7106,SBS,Companhia de Saneamento Basico do Estado de Sao Paulo,2012-12-21,1,1
7107,PFGC,Performance Food Group Inc.,2015-09-24,1,1
7108,SEM,Select Medical Holdings Corporation,2013-10-16,1,1
7109,PAA,Plains All American Pipeline L.P.,2012-12-03,2,2
7110,PHG,Koninklijke Philips N.V.,2011-08-12,2,2
7111,LMT,LOCKHEED MARTIN CORPORATION,2015-07-20,2,2
7112,CR,Crane Co.,2014-11-03,2,2
7113,CVS,CVS Health,2013-12-03,2,2
7114,BABA,Alibaba Group Holding Limited,2015-11-24,2,2
7115,VZ,Verizon Communications Inc.,2014-07-23,2,2
7116,FMC,FMC CORPORATION,2014-08-06,2,2
7117,HAL,HALLIBURTON COMPANY,2014-11-17,2,2
7118,PCG,PG&E Corporation,2015-03-06,2,2
7119,TXN,Texas Gas Transmission LLC,2014-08-27,2,2
7120,UPS,"UNITED PARCEL SERVICE, INC",2015-01-14,2,2
7121,PBI,Pitney Bowes Inc.,2012-11-19,2,2
7122,MHK,Mohawk Industries Inc.,2011-05-02,1,2
7123,PHI,PLDT Inc.,2013-04-25,2,2
7124,PHG,KONINKLIJKE PHILIPS NV,2014-05-05,2,2
7125,CRC,California Resources Corporation,2016-09-09,0,0
7126,ARCO,Arcos Dorados Holdings Inc.,2013-09-25,2,1
7127,WEC,WEC ENERGY GROUP INC,2014-08-06,2,2
7128,CATM,Cardtronics plc,2016-07-19,2,2
7129,CCOI,"Cogent Communications Holdings, Inc.",2011-02-16,1,1
7130,KOF,"Coca-Cola FEMSA, S.A.B. de C.V.",2016-09-26,2,2
7131,BCE,BCE Inc.,2011-07-01,2,2
7132,TEL,TE CONNECTIVITY LTD,2015-02-18,2,2
7133,TEVA,Teva Pharmaceutical Industries Ltd.,2015-04-21,2,2
7134,TEX,TEREX CORPORATION,2013-11-12,1,1
7135,AMCX,AMC Networks Inc.,2012-06-15,1,1
7136,NRG,"NRG Energy, Inc.",2016-05-10,1,1
7137,CCEP,"Coca-cola European Partners US, LLC",2013-04-22,2,2
7138,CHTR,"Charter Communications Operating, LLC",2016-02-19,2,1
7139,SBUX,Starbucks Corporation,2013-04-29,2,2
7140,BDX,"BECTON, DICKINSON AND COMPANY",2014-05-20,2,2
7141,CACI,CACI International Inc.,2014-11-26,1,1
7142,TRMB,Trimble Inc.,2014-11-19,2,2
7143,IRCP,IRSA Propiedades Comerciales S.A.,2012-11-30,1,1
7144,DOV,DOVER CORPORATION,2015-04-23,2,2
7145,QEP,"QEP Resources, Inc.",2011-09-01,1,1
7146,KMB,KIMBERLY-CLARK CORPORATION,2014-01-30,2,2
7147,ROP,"ROPER TECHNOLOGIES, INC",2014-05-30,2,2
7148,MCHP,"Micron Technology, Inc.",2014-02-04,1,1
7149,DHR,DANAHER CORPORATION,2015-10-27,2,2
7150,SBGI,"SINCLAIR BROADCAST GROUP, INC.",2013-06-04,1,1
7151,BUD,ANHEUSER-BUSCH INBEV SA/NV,2015-01-12,2,2
7152,MDLZ,"MONDELEZ INTERNATIONAL, INC",2015-05-06,2,2
7153,OAS,Oasis Petroleum Inc.,2013-09-10,1,1
7154,TEF,TELEFONICA SA,2014-06-19,1,1
7155,THC,Tenet Healthcare Corp.,2015-06-03,1,1
7156,VMC,Vulcan Materials Company,2012-07-12,1,1
7157,AXL,American Axle & Manufacturing Holdings Inc.,2012-06-25,1,1
7158,LMT,Lockheed Martin Corporation,2015-11-16,2,2
7159,QEP,"QEP Resources, Inc.",2016-07-15,1,1
7160,AZO,AutoZone Inc.,2013-06-14,2,2
7161,CAJ,Canon Inc.,2012-06-15,2,2
7162,AVA,AVISTA CORPORATION,2013-09-26,2,2
7163,MDC,"M.D.C. HOLDINGS, INC",2015-09-09,1,1
7164,OAS,OASIS PETROLEUM INC,2014-12-15,1,1
7165,RAD,RITE AID CORPORATION,2015-09-30,1,1
7166,VMI,Valmont Industries Inc.,2012-05-30,2,2
7167,HUBG,Hub International Limited,2013-09-10,0,0
7168,MTH,Meritage Homes Corporation,2011-12-09,1,1
7169,TRS,TriMas Company LLC,2013-09-30,1,1
7170,KSS,KOHL'S CORPORATION,2015-06-08,2,2
7171,LMT,LOCKHEED MARTIN CORPORATION,2015-09-24,2,2
7172,APA,Apache Corp.,2015-01-20,2,2
7173,INTU,Intuit Inc.,2016-03-11,2,2
7174,AZO,"AutoZone, Inc.",2015-04-20,2,2
7175,ROP,"Roper Technologies, Inc.",2012-11-16,2,2
7176,AMCR,Amcor Ltd.,2016-11-22,2,2
7177,TXT,TEXTRON INC,2013-12-27,2,2
7178,LEE,"Lee Enterprises, Inc.",2014-03-21,1,1
7179,BAK,Braskem International Ltd,2012-06-15,2,2
7180,CMI,Cummins Inc.,2011-06-21,2,2
7181,WNC,Wabash National Corporation,2012-06-15,1,1
7182,IPG,INTERPUBLIC GROUP OF,2014-03-17,2,2
7183,TWI,Titan International Inc.,2013-09-24,1,1
7184,QEP,"QEP Resources, Inc.",2013-12-09,1,1
7185,STZ,Constellation Brands Inc.,2012-02-07,1,1
7186,TMS,TMS International Corp.,2013-09-23,1,0
7187,NKE,NIKE Inc.,2013-04-23,2,2
7188,HSY,HERSHEY COMPANY,2014-02-11,2,2
7189,IBM,International Business Machines Corporation,2015-02-13,2,2
7190,EBAY,EBAY INC.,2014-07-17,2,2
7191,URI,"UNITED RENTALS, INC",2014-06-12,1,1
7192,LUV,SOUTHWEST AIRLINES CO,2014-01-24,2,2
7193,FTS,Fortis Inc.,2016-03-11,2,2
7194,NUE,NUCOR CORPORATION,2014-05-15,2,2
7195,CXO,Concho Resources Inc.,2012-06-15,1,1
7196,MOS,Mosaic Co. (The),2013-04-22,2,2
7197,PEG,Public Service Enterprise Group Inc.,2015-05-05,2,2
7198,HES,HESS CORPORATION,2014-05-22,2,2
7199,THS,"TreeHouse Foods, Inc.",2014-07-25,1,1
7200,SPWR,SUNPOWER CORPORATION,2013-09-23,0,0
7201,SM,SM Energy Company,2016-02-09,1,1
7202,HRL,HORMEL FOODS CORPORATION,2015-03-03,2,2
7203,COP,CONOCOPHILLIPS,2014-11-17,2,2
7204,CHK,Chesapeake Energy Corp.,2016-01-25,1,0
7205,PPG,"PPG INDUSTRIES, INC",2014-06-30,2,2
7206,KODK,Eastman Kodak Co.,2011-02-28,0,0
7207,CNI,CANADIAN NATIONAL RAILWAY,2015-01-29,2,2
7208,AXL,AMERICAN AXLE & MANUFACTURING,2014-01-07,1,1
7209,GSK,GlaxoSmithKline plc,2014-03-26,2,2
7210,CNQ,Canadian Natural Resources Limited,2015-06-03,2,2
7211,EOG,EOG Resources Inc.,2012-08-22,2,2
7212,THC,Tenet Healthcare Corp.,2013-07-19,1,1
7213,GBX,Greenbrier Companies Inc. (The),2011-08-01,0,1
7214,GEF,Greif Inc.,2014-08-27,1,1
7215,WBA,WALGREENS BOOTS ALLIANCE INC,2015-01-13,2,2
7216,ENS,EnerSys,2011-03-10,1,1
7217,AAP,"Advance Auto Parts, Inc.",2013-11-25,2,2
7218,TAC,TransAlta Corp.,2010-12-16,1,2
7219,BWA,BorgWarner Inc.,2013-04-10,2,2
7220,CMI,CUMMINS INC.,2015-03-03,2,2
7221,NCR,NCR Corp.,2015-04-03,1,1
7222,KOF,COCA-COLA FEMSA SAB DE CV,2014-06-26,2,2
7223,NPO,"ENPRO INDUSTRIES, INC.",2015-09-10,1,1
7224,VMC,VULCAN MATERIALS COMPANY,2013-12-19,1,1
7225,CENT,Central Garden & Pet Company,2012-06-15,1,1
7226,HON,HONEYWELL INTERNATIONAL INC,2014-07-22,2,2
7227,AMKR,Amkor Technology Inc.,2012-05-21,1,1
7228,JNPR,Juniper Networks Inc.,2013-02-07,2,2
7229,KMB,KIMBERLY-CLARK CORPORATION,2014-10-22,2,2
7230,SJR,Shaw Communications Inc.,2015-03-17,2,2
7231,SGMS,Scientific Games International Inc.,2013-11-12,1,1
7232,AXL,AMERICAN AXLE & MANUFACTURING,2015-09-03,2,2
7233,GLT,Glatfelter (P.H.) Co.,2016-04-26,1,1
7234,TUP,Tupperware Brands Corporation,2012-05-25,2,2
7235,APA,Apache Corporation,2016-02-25,2,2
7236,SYK,STRYKER CORPORATION,2014-05-13,2,2
7237,ORAN,Orange,2015-09-22,2,2
7238,TMO,THERMO FISHER SCIENTIFIC INC.,2013-11-06,2,2
7239,PCG,PG&E CORPORATION,2015-03-24,2,2
7240,SON,Sonoco Products Co.,2011-10-20,2,2
7241,HRL,HORMEL FOODS CORPORATION,2013-12-13,2,2
7242,BSX,Boston Scientific Corporation,2016-12-07,2,2
7243,MDLZ,"MONDELEZ INTERNATIONAL, INC",2014-01-08,2,2
7244,ARW,"ARROW ELECTRONICS, INC",2013-12-19,2,2
7245,TECK,Teck Resources Ltd.,2013-08-01,2,2
7246,HES,HESS CORPORATION,2014-02-10,2,2
7247,NDAQ,"NASDAQ, INC",2014-02-28,2,2
7248,HES,HESS CORPORATION,2014-11-10,2,2
7249,KTOS,Kratos Defense & Security Solutions Inc.,2014-11-07,1,1
7250,NCR,NCR Corp.,2013-12-05,1,1
7251,MDLZ,"Mondelez International, Inc.",2015-05-27,2,2
7252,XEL,XCEL ENERGY INC.,2015-01-20,2,2
7253,PSX,Phillips 66,2013-03-29,2,2
7254,PEP,"PepsiCo, Inc.",2014-04-24,2,2
7255,CNI,Canadian National Railway Company,2016-02-18,2,2
7256,CCOI,"Cogent Communications Holdings, Inc.",2015-02-20,1,1
7257,NKTR,NEKTAR THERAPEUTICS,2015-08-28,1,1
7258,KRO,Kronos Worldwide Inc.,2014-02-04,1,1
7259,ETR,Entergy Corp,2012-06-20,2,2
7260,SRE,Sempra Energy,2015-11-13,2,2
7261,AMGN,Amgen Inc.,2016-05-12,2,2
7262,TUP,TUPPERWARE BRANDS CORPORATION,2014-02-11,2,2
7263,MPC,Marathon Petroleum Corporation,2012-06-15,2,2
7264,CLR,"Continental Resources, Inc.",2014-05-27,2,1
7265,NGG,National Grid North America Inc.,2015-10-07,2,2
7266,SMG,SCOTTS MIRACLE-GRO COMPANY,2014-06-05,2,2
7267,CENX,Century Aluminum Co.,2014-09-19,1,1
7268,FISV,Fiserv Inc.,2011-03-30,2,2
7269,BLL,Ball Corporation,2014-02-28,1,1
7270,CVX,Chevron Corporation,2015-11-09,2,2
7271,SBS,Companhia de Saneamento Basico do Estado de Sao Paulo,2011-12-01,1,1
7272,IO,Ion Geophysical Corporation,2016-10-14,0,0
7273,DTE,DTE Energy Co.,2015-08-21,2,2
7274,ASML,ASML Holding N.V.,2014-11-21,2,2
7275,HOG,"HARLEY-DAVIDSON, INC",2015-04-24,2,2
7276,CSGS,"CSG Systems International, Inc.",2016-12-20,2,2
7277,MPLX,MPLX LP,2016-01-29,2,2
7278,AAPL,Apple Inc.,2016-06-03,2,2
7279,HAS,"Hasbro, Inc.",2014-05-08,2,2
7280,PNW,Pinnacle West Capital Corp.,2013-11-26,2,2
7281,GOOG,Google Inc.,2012-06-15,2,2
7282,SCCO,SOUTHERN COPPER CORPORATION,2015-03-17,2,2
7283,PSX,Phillips 66,2015-10-19,2,2
7284,NBR,NABORS INDUSTRIES LTD,2014-05-07,2,2
7285,BSX,BOSTON SCIENTIFIC CORPORATION,2015-11-04,1,1
7286,DAN,DANA INCORPORATED,2014-05-28,2,2
7287,CMI,Cummins Inc.,2013-09-20,2,2
7288,EPD,"Enterprise Products Operating, LLC",2012-06-15,2,2
7289,LMT,LOCKHEED MARTIN CORPORATION,2015-10-22,2,2
7290,GIS,"General Mills, Inc.",2016-01-12,2,2
7291,CATM,Cardtronics plc,2015-07-31,2,2
7292,COMP,Compass Group PLC,2012-02-08,2,2
7293,HSC,Harsco Corporation,2016-10-18,1,1
7294,CAG,"Conagra Brands, Inc.",2013-02-01,2,2
7295,TDG,TransDigm Inc.,2013-06-27,1,0
7296,GILD,"Gilead Sciences, Inc.",2014-11-12,2,2
7297,NCR,NCR Corp.,2016-03-25,1,1
7298,OLN,Olin Canada ULC,2015-04-30,1,1
7299,PEP,PepsiCo Inc.,2013-03-27,2,2
7300,TMUS,"T-Mobile USA, Inc.",2013-10-22,1,1
7301,PDS,Precision Drilling Corporation,2015-08-13,1,1
7302,ASH,Ashland LLC,2016-04-01,1,1
7303,HBI,Hanesbrands Inc.,2016-05-17,1,1
7304,SABR,Sabre Corporation,2016-04-13,1,2
7305,CIEN,Ciena Corp.,2011-01-21,0,1
7306,AMCX,AMC Networks Inc.,2013-10-28,1,1
7307,MGM,MGM Resorts International,2012-09-14,1,1
7308,COMM,"CommScope Holding Company, Inc.",2016-05-18,1,1
7309,SBUX,Starbucks Corporation,2013-11-25,2,2
7310,GSK,GLAXOSMITHKLINE PLC,2013-09-10,2,2
7311,WMB,Williams Companies Inc. (The),2016-08-04,1,1
7312,CLGX,"CoreLogic, Inc.",2011-08-31,1,1
7313,ROK,"ROCKWELL AUTOMATION, INC",2015-06-04,2,2
7314,UNH,UnitedHealth Group Incorporated,2012-06-15,2,2
7315,JBL,Jabil Inc.,2013-09-27,2,2
7316,AMX,America Movil S.A.B. de C.V.,2012-07-06,2,2
7317,IPG,"Interpublic Group of Companies, Inc.",2012-06-15,2,2
7318,HOV,"HOVNANIAN ENTERPRISES, INC",2015-06-11,1,0
7319,NM,Navios Maritime Holdings Inc.,2012-10-31,1,1
7320,FLS,Flowserve Corporation,2015-03-16,2,2
7321,NEE,"NEXTERA ENERGY, INC.",2014-04-25,2,2
7322,MTOR,"MERITOR, INC",2015-05-06,1,1
7323,CAT,CATERPILLAR INC,2015-08-18,2,2
7324,RCI,Rogers Communications Inc.,2015-12-02,2,2
7325,MCHP,"MICRON TECHNOLOGY, INC",2014-01-09,1,1
7326,ORCL,ORACLE CORPORATION,2015-04-01,2,2
7327,NM,Navios Maritime Holdings Inc.,2013-11-14,1,1
7328,PNR,Pentair plc.,2014-05-19,2,2
7329,ADSK,"Autodesk, Inc.",2014-05-13,2,2
7330,VRSK,"Verisk Analytics, Inc.",2011-12-01,2,2
7331,UHS,"UNIVERSAL HEALTH SERVICES,",2014-09-02,2,1
7332,CFX,Colfax Corp.,2015-05-20,1,1
7333,KODK,Eastman Kodak Co.,2012-01-19,0,0
7334,XRX,Xerox Corporation,2016-03-11,2,2
7335,FLR,FLUOR CORPORATION,2014-11-25,2,2
7336,AMX,America Movil S.A.B. de C.V.,2013-07-17,2,2
7337,RSG,"Republic Services, Inc.",2015-03-04,2,2
7338,EPD,ENTERPRISE PRODUCTS PARTNERS,2015-02-19,2,2
7339,SRE,Sempra Energy,2014-10-02,2,2
7340,OLN,OLIN CORPORATION,2014-11-03,2,2
7341,LDOS,"Leidos Holdings, Inc.",2013-01-24,2,2
7342,SRE,Sempra Energy,2012-03-21,2,2
7343,WEN,WENDY'S COMPANY,2015-11-13,1,1
7344,BABA,Alibaba Group Holding Limited,2014-11-24,2,2
7345,INGR,Ingredion Incorporated,2012-09-18,2,2
7346,IMKTA,Ingles Markets Inc.,2014-04-23,1,1
7347,ETN,"Eaton Corporation, PLC",2013-11-05,2,2
7348,KGC,Kinross Gold Corp.,2012-06-26,2,2
7349,GILD,"GILEAD SCIENCES, INC",2014-07-31,2,2
7350,VMC,Vulcan Materials Company,2015-03-16,1,1
7351,CL,Colgate-Palmolive Company,2015-02-11,2,2
7352,AMCX,AMC Networks Inc.,2016-03-23,1,1
7353,IRM,"IRON MOUNTAIN, INC",2015-03-12,2,1
7354,AMGN,Amgen Inc.,2012-05-31,2,2
7355,VSH,Vishay Intertechnology Inc.,2014-06-25,1,1
7356,GLW,Corning Incorporated,2013-11-13,2,2
7357,HAS,"HASBRO, INC",2015-04-06,2,2
7358,CVE,Cenovus Energy Inc.,2015-02-12,2,2
7359,CYH,"Community Health Systems, Inc.",2012-06-15,1,0
7360,ACIW,ACI Worldwide Inc.,2013-11-26,1,1
7361,DG,Dollar General Corporation,2012-06-27,1,2
7362,TEN,TENNECO INC,2015-10-29,2,2
7363,GLDD,Great Lakes Dredge & Dock Corporation,2013-08-26,0,1
7364,RRC,Range Resources Corp.,2016-09-22,1,1
7365,RRC,RANGE RESOURCES CORPORATION,2015-05-12,1,1
7366,XEL,Xcel Energy Inc.,2016-03-03,2,2
7367,KSS,KOHL'S CORPORATION,2014-04-03,2,2
7368,ORLY,"O'REILLY AUTOMOTIVE, INC.",2015-11-18,2,2
7369,ATVI,"Activision Blizzard, Inc.",2016-09-12,2,2
7370,TPC,Tutor Perini Corporation,2015-11-10,1,1
7371,SHW,Sherwin-Williams Company (The),2015-07-28,2,2
7372,VFC,V.F. CORPORATION,2015-03-10,2,2
7373,CAR,"Avis Budget Group, Inc",2012-06-15,1,1
7374,FCN,"FTI Consulting, Inc.",2015-08-17,1,1
7375,MLM,Martin Marietta Materials Inc.,2012-06-11,2,2
7376,HSC,HARSCO CORPORATION,2014-12-18,1,1
7377,CVGI,Commercial Vehicle Group Inc.,2015-02-26,1,1
7378,DAN,DANA INCORPORATED,2014-03-20,2,2
7379,JAZZ,Jazz Pharmaceuticals Ireland Ltd,2016-05-31,1,1
7380,ABT,ABBOTT LABORATORIES,2015-02-04,2,2
7381,CZR,"Caesars Entertainment Operating Company, Inc.",2014-03-28,0,0
7382,HST,"Host Hotels & Resorts, Inc.",2011-11-14,1,2
7383,SGU,"Star Group, L.P.",2014-09-03,1,1
7384,FLS,Flowserve Corporation,2015-03-10,2,2
7385,KMB,KIMBERLY-CLARK CORPORATION,2015-04-23,2,2
7386,SPWH,"Sportsman's Warehouse, Inc.",2013-08-16,1,1
7387,CENT,Central Garden & Pet Co.,2011-08-11,1,0
7388,TEL,TE CONNECTIVITY LTD,2014-11-18,2,2
7389,TXN,Texas Instruments Inc.,2015-01-21,2,2
7390,TAK,Takeda Pharmaceutical Company Limited,2012-06-15,2,2
7391,HSY,Hershey Company (The),2016-08-02,2,2
7392,OTEX,Open Text Corporation,2013-12-02,2,2
7393,TEF,"Telefonica Finanzas Mexico, S.A. de C.V.",2012-06-20,2,2
7394,NEE,NextEra Energy Inc.,2012-09-14,2,2
7395,FL,"Foot Locker, Inc.",2016-09-21,1,1
7396,NVS,Novartis AG,2015-04-30,2,2
7397,XRAY,DENTSPLY SIRONA Inc.,2011-08-25,2,2
7398,COMP,Compass Group PLC,2016-02-25,2,2
7399,CHTR,"Charter Communications Operating, LLC",2014-10-30,2,1
7400,MTX,Minerals Technologies Inc.,2015-07-21,1,1
7401,CMP,"Compass Minerals International, Inc",2012-06-15,1,1
7402,YUM,"YUM! BRANDS, INC.",2015-10-26,2,2
7403,ADM,Archer Daniels Midland Company,2015-06-17,2,2
7404,TEF,TELEFONICA SA,2014-04-10,1,1
7405,DUK,DUKE ENERGY CORPORATION,2014-03-18,2,2
7406,RIG,Transocean Ltd.,2014-03-31,1,1
7407,MEOH,Methanex Corp.,2014-10-10,2,2
7408,SBAC,"SBA Telecommunications, Inc.",2014-06-17,1,1
7409,KOS,"Kosmos Energy, Ltd.",2016-02-09,0,0
7410,HLT,HILTON WORLDWIDE HOLDINGS INC,2014-10-06,1,1
7411,WMB,WILLIAMS COMPANIES INC.,2015-05-13,1,1
7412,FDX,FedEx Corp.,2011-10-28,2,2
7413,ADSW,"Advanced Disposal Services, Inc.",2016-10-20,1,1
7414,AMD,"Advanced Micro Devices, Inc.",2014-06-03,1,0
7415,WEN,"Wendy's International, LLC",2013-09-10,1,0
7416,EIX,EDISON INTERNATIONAL,2015-03-30,2,2
7417,SYY,Sysco Corporation,2016-06-14,2,2
7418,PPL,PPL Corporation,2013-06-12,1,1
7419,LUV,SOUTHWEST AIRLINES CO,2015-10-27,2,2
7420,STZ,"Constellation Brands, Inc.",2013-04-30,1,1
7421,SONY,Sony Corporation,2013-06-27,1,1
7422,JNJ,Johnson & Johnson,2011-09-26,2,2
7423,NGL,NGL Energy Partners LP,2015-11-30,1,1
7424,PKX,POSCO,2013-12-04,2,2
7425,SBGI,Sinclair Broadcast Group Inc.,2013-03-18,1,1
7426,PBI,Pitney Bowes Inc.,2016-11-03,2,2
7427,RCII,Rent-A-Center Inc.,2015-03-10,1,1
7428,WRB,W.R. Berkley Corporation,2016-03-10,2,2
7429,MTSC,MTS Systems Corporation,2016-06-14,1,1
7430,HAL,Halliburton Company,2013-08-06,2,2
7431,NRG,"NRG ENERGY, INC.",2013-10-18,1,1
7432,PSO,Pearson PLC,2015-04-24,2,2
7433,MRC,MRC Global (US) Inc.,2013-04-25,1,1
7434,PMTS,CPI Card Group Inc.,2015-07-28,1,1
7435,ABB,ABB LTD,2013-08-05,2,2
7436,TEN,Tenneco Inc.,2012-03-08,1,1
7437,TPX,Tempur Sealy International Inc.,2016-09-20,1,1
7438,GLW,CORNING INC,2013-09-05,2,2
7439,TSN,"Tyson Foods, Inc.",2016-11-14,2,2
7440,MAN,ManpowerGroup Inc.,2014-04-15,2,2
7441,CZR,Caesars Entertainment Resort Properties Finance Inc.,2014-03-05,0,0
7442,UVV,UNIVERSAL CORP,2014-07-27,2,2
7443,WEC,WEC ENERGY GROUP INC,2013-08-21,2,2
7444,ABT,Abbott Laboratories,2011-10-19,2,2
7445,NVS,NOVARTIS AG,2015-02-04,2,2
7446,STZ,"Constellation Brands Canada, Inc.",2016-11-02,1,1
7447,ENB,Enbridge Inc.,2014-12-04,2,2
7448,LPX,Louisiana-Pacific Corp.,2011-06-09,1,1
7449,WWW,"Wolverine World Wide, Inc.",2016-08-17,1,1
7450,MDLZ,"Mondelez International, Inc.",2016-10-19,2,2
7451,ENT,Global One Real Estate Investment Corporation,2014-09-04,2,2
7452,FCX,Freeport-McMoRan Oil & Gas LLC,2012-10-23,1,1
7453,CAT,CATERPILLAR INC,2014-01-27,2,2
7454,ORLY,"O'REILLY AUTOMOTIVE, INC.",2014-10-30,2,2
7455,HUN,Huntsman International LLC,2015-03-19,1,1
7456,LAMR,Lamar Advertising Co.,2011-04-15,1,1
7457,PBI,Pitney Bowes Inc.,2015-10-29,2,2
7458,IDA,IDACORP Inc.,2015-03-31,2,2
7459,BGG,Briggs & Stratton Corporation,2014-05-16,1,1
7460,SWN,Southwestern Energy Company,2015-01-20,2,2
7461,UHS,"UNIVERSAL HEALTH SERVICES,",2015-04-29,2,2
7462,AEP,American Electric Power Co. Inc.,2012-11-28,2,2
7463,CNSL,Consolidated Communications Inc.,2013-05-23,1,1
7464,SBS,Companhia de Saneamento Basico do Estado de Sao Paulo,2010-12-07,1,1
7465,ALSN,"Allison Transmission, Inc.",2016-09-15,1,1
7466,TECK,Teck Resources Limited,2015-03-05,2,2
7467,SXC,"SunCoke Energy, Inc.",2016-02-03,0,0
7468,INTU,Intuit Inc.,2016-02-03,2,2
7469,FMS,Fresenius Medical Care AG & Co. KGaA,2016-09-07,1,2
7470,SCCO,SOUTHERN COPPER CORPORATION,2013-09-13,2,2
7471,CENX,CENTURY ALUMINUM COMPANY,2014-11-26,1,1
7472,SPXC,SPX Corporation,2015-09-30,2,2
7473,YPF,YPF Sociedad Anonima,2016-09-16,1,1
7474,HCA,"HCA Healthcare, Inc.",2012-12-03,1,1
7475,BRFS,BRF S.A.,2016-02-17,2,2
7476,KGC,Kinross Gold Corporation,2012-06-15,2,2
7477,JBL,Jabil Inc.,2015-07-10,2,2
7478,PDCE,"PDC Energy, Inc.",2016-08-24,1,1
7479,CNC,Centene Corporation,2012-06-15,1,1
7480,THS,"TreeHouse Foods, Inc.",2013-02-26,1,1
7481,MLM,"MARTIN MARIETTA MATERIALS,",2013-12-20,1,1
7482,XEL,XCEL ENERGY INC.,2013-08-08,2,2
7483,LYB,LyondellBasell Industries N.V.,2012-11-19,2,1
7484,OLN,OLIN CORPORATION,2014-05-30,2,2
7485,CPB,CAMPBELL SOUP COMPANY,2014-06-20,2,2
7486,JWN,Nordstrom Inc.,2016-01-07,2,2
7487,ACHC,"Acadia Healthcare Company, Inc.",2013-03-05,1,1
7488,INTC,Intel Corp.,2011-09-14,2,2
7489,EMR,EMERSON ELECTRIC CO.,2015-02-12,2,2
7490,SCI,Service Corporation International,2013-06-17,1,1
7491,MAN,MANPOWERGROUP INC.,2015-10-26,2,2
7492,APA,Apache Corp.,2015-01-16,2,2
7493,CCK,"CROWN HOLDINGS, INC",2014-10-21,1,1
7494,MKC,McCormick & Co. Inc.,2012-02-28,2,2
7495,LUV,Southwest Airlines Co.,2012-06-15,2,2
7496,CVX,CHEVRON CORPORATION,2013-12-09,2,2
7497,MSFT,MICROSOFT CORPORATION,2014-10-30,2,2
7498,OGS,"ONE Gas, Inc.",2015-01-22,2,2
7499,AEP,AMERICAN ELECTRIC POWER,2015-04-28,2,2
7500,ATO,ATMOS ENERGY CORPORATION,2014-09-17,2,2
7501,JOUT,"Johnson Controls, Inc.",2014-06-09,2,2
7502,WMB,WILLIAMS COMPANIES INC.,2013-12-12,1,1
7503,GLPG,Galapagos Holding S.A.,2014-10-01,0,0
7504,COP,CONOCOPHILLIPS,2013-11-26,2,2
7505,JNJ,Johnson (S.C.) & Son Inc.,2015-08-11,2,2
7506,CBT,Cabot Corporation,2012-07-06,2,2
7507,MUR,Murphy Oil Corporation,2016-02-18,1,2
7508,ATI,ALLEGHENY TECHNOLOGIES,2014-01-27,1,1
7509,SHW,SHERWIN-WILLIAMS COMPANY,2015-07-20,2,2
7510,CCU,iHeartCommunications Inc.,2016-03-24,0,0
7511,OMI,"OWENS & MINOR, INC",2015-09-11,2,2
7512,RAD,Rite Aid Corporation,2015-03-23,1,1
7513,BMY,BRISTOL-MYERS SQUIBB COMPANY,2015-11-11,2,2
7514,XEL,Xcel Energy Inc.,2016-05-13,2,2
7515,SONY,Sony Corp.,2014-09-18,2,2
7516,MGM,MGM Resorts International,2014-09-25,1,1
7517,IBA,"Industrias Bachoco, S.A.B. de C.V.",2012-08-24,2,2
7518,UGI,UGI CORPORATION,2014-01-15,2,2
7519,SFM,"Sprouts Farmers Market Holdings, LLC",2012-06-15,1,1
7520,EPD,Enterprise Products Operating LLC,2011-08-11,2,2
7521,NRP,Natural Resource Partners LP,2013-09-09,1,1
7522,AMKR,"AMKOR TECHNOLOGY, INC",2013-12-19,1,1
7523,AZO,"AUTOZONE, INC",2013-06-13,2,2
7524,HFC,HollyFrontier Corporation,2016-11-16,2,1
7525,TIGO,Millicom International Cellular S.A.,2012-10-24,1,1
7526,AMKR,"AMKOR TECHNOLOGY, INC",2015-05-04,1,1
7527,MSI,"MOTOROLA SOLUTIONS, INC",2013-10-28,2,2
7528,POR,Portland General Electric Company,2012-06-15,2,2
7529,SJR,SHAW COMMUNICATIONS INC. CLASS,2013-07-17,2,2
7530,DVN,DEVON ENERGY CORPORATION,2013-12-02,2,2
7531,TXN,"Texas Gas Transmission, LLC",2014-11-05,2,2
7532,WEN,WENDY'S COMPANY,2013-07-15,2,0
7533,PAG,Penske Automotive Group Inc.,2012-08-14,1,1
7534,AVT,"AVNET, INC",2015-11-05,2,2
7535,BA,Boeing Company (The),2012-06-15,2,2
7536,BAH,Booz Allen Hamilton Inc.,2012-06-15,1,1
7537,GIS,General Mills Inc.,2015-04-20,2,2
7538,SWK,Stanley Black & Decker Inc.,2016-10-12,2,2
7539,BTU,PEABODY ENERGY CORPORATION,2015-09-03,0,0
7540,RCL,Royal Caribbean Cruises Ltd.,2016-05-26,1,1
7541,SPH,Suburban Propane Partners L.P.,2012-04-26,1,1
7542,ZTS,Zoetis Inc.,2013-01-14,2,2
7543,MTOR,"MERITOR, INC",2015-01-08,1,1
7544,HCA,HCA HEALTHCARE INC,2013-12-13,1,1
7545,FISV,"FISERV, INC.",2014-08-06,2,2
7546,PDC,Pioneer Energy Services Corp.,2014-03-04,1,1
7547,LSXMA,LIBERTY MEDIA CORP.,2014-08-27,1,1
7548,NTAP,"NetApp, Inc.",2012-12-05,2,2
7549,TOL,"TOLL BROTHERS, INC",2013-05-22,2,2
7550,CENX,CENTURY ALUMINUM COMPANY,2014-05-28,1,1
7551,ATO,Atmos Energy Corporation,2014-12-05,2,2
7552,WLK,Westlake Chemical Corporation,2016-09-08,2,2
7553,SGMS,Scientific Games Corporation,2013-05-15,1,0
7554,KHC,Kraft Heinz Canada ULC,2015-06-16,2,2
7555,EPD,ENTERPRISE PRODUCTS PARTNERS,2014-11-14,2,2
7556,EIX,Edison International,2016-08-24,2,2
7557,MCHP,"MICRON TECHNOLOGY, INC",2015-04-14,1,1
7558,CNSL,Consolidated Communications Inc.,2016-04-29,1,1
7559,RPM,RPM International Inc.,2012-06-15,2,2
7560,CVE,Cenovus Energy Inc.,2012-06-15,2,2
7561,WU,Western Union Company (The),2012-06-15,2,2
7562,AZO,"AutoZone, Inc.",2014-01-15,2,2
7563,CMS,CMS Energy Corporation,2012-06-15,1,2
7564,NCR,NCR Corp.,2013-07-29,1,1
7565,MTX,Minerals Technologies Inc.,2016-06-23,1,1
7566,NBR,Nabors Industries Ltd.,2011-03-03,2,2
7567,TEF,Telefonica Chile S.A.,2012-10-04,2,2
7568,CAL,United Utilities Water Finance Plc,2015-10-21,2,2
7569,CCOI,"Cogent Communications Finance, Inc.",2014-04-01,0,1
7570,EGO,Eldorado Gold Corporation,2016-03-31,1,1
7571,CCI,Crown Castle International Corp.,2012-10-03,1,1
7572,MTOR,"MERITOR, INC",2014-08-22,1,1
7573,HPE,Hewlett Packard Enterprise,2015-09-30,2,2
7574,LMT,LOCKHEED MARTIN CORPORATION,2014-05-07,2,2
7575,KMT,Kennametal Inc.,2016-01-20,2,2
7576,PNW,Pinnacle West Capital Corporation,2014-07-24,2,2
7577,UHS,Universal Hospital Services Inc.,2016-03-29,1,1
7578,PXD,Pioneer Natural Resources Co.,2015-12-02,2,1
7579,MT,ArcelorMittal,2014-03-25,1,1
7580,ETR,ENTERGY CORPORATION,2015-05-06,2,2
7581,MCHP,Micron Technology Inc.,2015-12-14,1,1
7582,TMO,THERMO FISHER SCIENTIFIC INC.,2013-08-01,2,2
7583,ENR,ENERGIZER HOLDINGS INC,2014-04-30,2,2
7584,EVC,Entravision Communications Corp.,2013-05-09,1,1
7585,UHS,"UNIVERSAL HEALTH SERVICES,",2014-04-10,2,1
7586,AMD,"Advanced Micro Devices, Inc.",2012-08-06,1,1
7587,TTMI,"TTM Technologies, Inc.",2015-04-23,1,1
7588,TXN,Texas Gas Transmission LLC,2013-08-30,2,2
7589,GIS,"GENERAL MILLS, INC",2014-07-01,2,2
7590,EXPE,"EXPEDIA, INC.",2015-11-05,2,2
7591,MTZ,"MASTEC, INC",2013-12-26,2,2
7592,AMKR,"AMKOR TECHNOLOGY, INC",2014-11-07,1,1
7593,NNBR,"NN, Inc.",2015-09-11,1,0
7594,TRN,Trinity Industries Inc.,2011-05-31,1,1
7595,BG,Bunge Limited,2013-04-09,1,1
7596,CCK,"CROWN HOLDINGS, INC",2013-07-19,1,1
7597,PGR,Progressive Corporation (The),2015-01-21,2,2
7598,TTM,Tata Motors Ltd.,2015-09-29,1,1
7599,RSG,Republic Services Inc.,2013-11-26,2,2
7600,DOV,Dover Corporation,2013-11-26,2,2
7601,ABG,"ASBURY AUTOMOTIVE GROUP, INC",2014-07-29,2,2
7602,DTE,DTE Energy Company,2012-06-15,2,2
7603,MHO,"M/I Homes, Inc.",2013-03-05,1,0
7604,SSNC,SS&C Technologies Holdings Europe S.a.r.l.,2015-08-21,1,1
7605,FCN,FTI Consulting Inc.,2016-08-18,1,1
7606,VSH,Vishay Intertechnology Inc.,2011-05-10,1,1
7607,HOG,"HARLEY-DAVIDSON, INC",2015-02-04,2,2
7608,ROCK,"Gibraltar Industries, Inc.",2014-01-24,1,1
7609,XOM,EXXON MOBIL CORPORATION,2013-09-20,2,2
7610,MMLP,Martin Midstream Partners L.P.,2014-03-14,1,1
7611,VRTX,VERTEX PHARMACEUTICALS,2014-02-10,2,2
7612,SCS,Steelcase Inc.,2014-01-14,2,1
7613,FOE,FERRO CORPORATION,2014-11-04,1,1
7614,JBLU,JETBLUE AIRWAYS CORPORATION,2014-03-03,1,1
7615,CXO,Concho Resources Inc.,2014-09-24,1,1
7616,UHS,"UNIVERSAL HEALTH SERVICES,",2014-11-03,2,2
7617,WFRD,WEATHERFORD INTERNATIONAL PLC,2014-06-23,1,1
7618,MCHP,Micron Technology Inc.,2015-01-29,1,1
7619,CAH,"CARDINAL HEALTH, INC",2015-08-11,2,2
7620,AMGN,AMGEN INC.,2015-04-23,2,2
7621,GPS,"GAP, INC",2014-06-23,2,2
7622,AMX,AMERICA MOVIL SAB DE CV,2015-03-17,2,2
7623,ITW,ILLINOIS TOOL WORKS INC,2015-04-23,2,2
7624,AMGN,Amgen Inc.,2014-03-04,2,2
7625,KHC,KRAFT HEINZ COMPANY,2014-11-24,2,2
7626,AMGN,AMGEN INC.,2014-08-20,2,2
7627,BUD,ANHEUSER-BUSCH INBEV SA/NV,2015-05-20,2,2
7628,SYK,STRYKER CORPORATION,2014-12-23,2,2
7629,SNY,Sanofi,2014-09-05,2,2
7630,ETR,Entergy Corp,2011-06-28,2,2
7631,CAT,CATERPILLAR INC,2013-11-22,2,2
7632,PEG,Public Service Enterprise Group Inc.,2014-05-01,2,2
7633,TEF,TELEFONICA SA,2015-09-21,1,1
7634,MKL,Markel Corporation,2012-06-27,2,2
7635,SWX,Southwest Gas Corp.,2014-04-02,2,2
7636,MHO,"M/I Homes, Inc.",2012-09-05,0,0
7637,MEOH,Methanex Corp.,2012-12-10,2,2
7638,THC,Tenet Healthcare Corp.,2014-03-05,0,1
7639,IRM,Iron Mountain Incorporated,2014-12-18,1,1
7640,NGG,National Grid North America Inc.,2015-02-27,2,2
7641,NKTR,NEKTAR THERAPEUTICS,2015-04-01,1,1
7642,SAIC,SCIENCE APPLICATIONS INTERNATIONAL CORPORATION,2015-04-08,1,1
7643,ALE,ALLETE Inc.,2013-04-24,2,2
7644,AEE,AMEREN CORPORATION,2015-06-04,1,2
7645,SBUX,Starbucks Corporation,2016-05-11,2,2
7646,INGR,INGREDION INCORPORATED,2014-02-25,2,2
7647,LYV,Live Nation Entertainment Inc.,2015-03-27,1,1
7648,VRSK,"Verisk Analytics, Inc.",2015-03-11,2,2
7649,HEES,H&E Equipment Services Inc.,2016-07-14,1,1
7650,MHK,Mohawk Industries Inc.,2016-08-10,2,2
7651,XOM,Exxon Mobil Corp.,2015-10-02,2,2
7652,FISV,"FISERV, INC.",2015-05-28,2,2
7653,TDS,"Telephone and Data Systems, Inc.",2014-07-14,1,2
7654,EPD,Enterprise Products Operating LLC,2011-04-28,2,2
7655,AXTA,Axalta Coating Systems LLC,2016-08-01,1,1
7656,EGO,Eldorado Gold Corp.,2014-09-09,1,1
7657,ABT,ABBOTT LABORATORIES,2014-05-20,2,2
7658,CAT,Caterpillar Inc.,2011-11-11,2,2
7659,GPOR,Gulfport Energy Corporation,2012-10-11,1,1
7660,DVA,DaVita Inc.,2012-06-15,1,1
7661,ABB,ABB Ltd.,2012-02-01,2,2
7662,DHI,"D.R. HORTON, INC",2014-01-29,2,2
7663,EMN,EASTMAN CHEMICAL COMPANY,2013-09-05,2,2
7664,EPD,Enterprise Products Operating LLC,2014-10-01,2,2
7665,LEA,LEAR CORPORATION,2014-08-04,2,2
7666,IAC,IAC/InterActiveCorp,2015-10-19,1,1
7667,STZ,"CONSTELLATION BRANDS, INC",2015-07-10,2,2
7668,BLDR,Builders FirstSource Inc.,2015-07-13,1,1
7669,BIDU,Baidu Inc.,2013-07-30,2,2
7670,ETR,ENTERGY CORPORATION,2015-09-10,2,2
7671,PCG,PG&E CORPORATION,2013-07-12,1,2
7672,NEE,NextEra Energy Inc.,2012-03-27,2,2
7673,PH,Parker-Hannifin Corporation,2013-05-24,2,2
7674,SYK,STRYKER CORPORATION,2015-01-29,2,2
7675,CCEP,COCA-COLA EUROPEAN PARTNERS,2015-11-05,2,2
7676,APA,Apache Corporation,2012-11-28,2,2
7677,BKD,BROOKDALE SENIOR LIVING INC,2015-02-20,0,0
7678,GOOGL,Alphabet Inc.,2016-02-12,2,2
7679,PKX,POSCO,2015-06-17,2,2
7680,WEC,WEC ENERGY GROUP INC,2013-07-17,2,2
7681,TDG,TransDigm Inc.,2012-10-16,1,0
7682,MEOH,Methanex Corporation,2012-06-15,1,2
7683,RCII,Rent-A-Center Inc.,2010-10-28,1,1
7684,EPD,ENTERPRISE PRODUCTS PARTNERS,2014-05-30,2,2
7685,TEN,TENNECO INC,2015-02-04,2,2
7686,EFX,Equifax Inc.,2015-04-29,2,2
7687,DAL,Delta Air Lines,2012-06-19,1,2
7688,CAG,"CONAGRA BRANDS, INC",2013-06-27,2,2
7689,CDE,"COEUR MINING, INC",2015-03-09,1,0
7690,HUN,Huntsman International LLC,2013-09-20,1,1
7691,WPP,WPP PLC,2013-08-13,2,2
7692,CBT,Cabot Corp.,2013-07-30,2,2
7693,WFRD,WEATHERFORD INTERNATIONAL PLC,2015-08-27,1,1
7694,GD,General Dynamics Corporation,2015-08-04,2,2
7695,BBBY,Bed Bath & Beyond Inc.,2014-07-14,2,2
7696,MCHP,MICROCHIP TECHNOLOGY,2015-09-19,2,2
7697,MMP,"MAGELLAN MIDSTREAM PARTNERS,",2015-03-23,2,2
7698,H,Hyatt Hotels Corporation,2016-02-29,2,2
7699,TFX,Teleflex Incorporated,2016-12-02,1,1
7700,ERJ,Embraer Overseas Limited,2013-10-03,2,2
7701,NRG,NRG Energy Inc.,2012-09-11,1,1
7702,TECK,Teck Resources Limited,2016-05-23,0,1
7703,INGR,INGREDION INCORPORATED,2014-08-06,2,2
7704,AAPL,Apple Inc.,2015-05-28,2,2
7705,AWR,American States Water Co.,2010-07-30,2,2
7706,AAP,"ADVANCE AUTO PARTS, INC.",2013-05-29,2,2
7707,ATO,Atmos Energy Corp.,2012-04-23,2,2
7708,SLB,Schlumberger N.V.,2015-07-23,2,2
7709,RPM,RPM International Inc.,2014-01-17,2,2
7710,OEC,Orion Engineered Carbons GmbH,2015-06-24,1,1
7711,SNY,Sanofi,2013-11-06,2,2
7712,LEN,Lennar Corporation,2013-01-31,1,1
7713,BKD,BROOKDALE SENIOR LIVING INC,2014-10-08,1,0
7714,ABG,"ASBURY AUTOMOTIVE GROUP, INC",2014-10-30,2,1
7715,EMN,EASTMAN CHEMICAL COMPANY,2015-08-12,2,2
7716,BGC,General Cable Corporation,2012-06-15,1,1
7717,DRI,"DARDEN RESTAURANTS, INC",2015-10-01,1,1
7718,FLEX,Flex Ltd.,2015-10-26,2,1
7719,TFX,Teleflex Incorporated,2013-07-11,1,1
7720,RLI,RLI Corp.,2013-09-25,2,2
7721,ETR,Entergy Corp,2015-03-31,2,2
7722,SBS,Companhia de Saneamento Basico do Estado de Sao Paulo,2014-05-05,1,1
7723,RCL,Royal Caribbean Cruises Ltd.,2013-08-30,1,1
7724,VRTX,VERTEX PHARMACEUTICALS,2013-09-06,2,2
7725,EOG,"EOG RESOURCES, INC",2015-08-20,2,2
7726,JBHT,"J.B. Hunt Transport Services, Inc.",2015-04-16,2,2
7727,BKR,BAKER HUGHES INCORPORATED,2014-01-22,2,2
7728,DFIN,"Donnelley Financial Solutions, Inc.",2016-09-13,1,2
7729,SCCO,Southern Power Company,2015-08-24,2,2
7730,ETR,Entergy Corp,2015-06-03,2,2
7731,AEE,AMEREN CORPORATION,2015-06-03,2,2
7732,CCU,"iHeartCommunications, Inc.",2015-02-19,0,0
7733,AZO,AutoZone Inc.,2015-04-22,2,2
7734,VMC,VULCAN MATERIALS COMPANY,2014-03-14,1,1
7735,XEL,Xcel Energy Inc.,2016-11-29,2,2
7736,TMUS,"T-MOBILE US, INC",2014-11-18,1,1
7737,MSFT,Microsoft Corp.,2013-04-29,2,2
7738,AT,Atlantic Power Corporation,2013-08-07,1,1
7739,UFS,Domtar Corporation,2015-03-19,2,1
7740,NFG,NATIONAL FUEL GAS COMPANY,2014-02-26,2,2
7741,SLB,Schlumberger N.V.,2014-05-13,2,2
7742,AVY,AVERY DENNISON CORPORATION,2014-07-29,2,2
7743,PRAH,"PRA Health Sciences, Inc.",2014-09-19,0,0
7744,ABC,AmerisourceBergen Corp.,2015-01-23,2,2
7745,STON,StoneMor Partners L.P.,2015-03-10,1,1
7746,HPQ,HP Inc.,2012-11-28,2,2
7747,MRO,Marathon Oil Corporation,2015-06-01,2,2
7748,E,ENI S.p.A.,2016-02-01,2,2
7749,PDS,Precision Drilling Corporation,2012-06-15,1,1
7750,SWX,Southwest Gas Corp.,2014-03-18,2,2
7751,BZH,Beazer Homes USA Inc.,2014-06-13,0,0
7752,CRL,"Charles River Laboratories Int'l, Inc.",2013-06-11,1,1
7753,DGX,Quest Diagnostics Inc,2014-03-12,2,2
7754,PLOW,Douglas Dynamics LLC,2016-06-24,1,1
7755,TKR,Timken Co. (The),2013-08-23,2,2
7756,TXT,Textron Inc.,2016-01-20,2,2
7757,TRN,"TRINITY INDUSTRIES, INC",2014-12-15,1,1
7758,BAM,Brookfield Asset Management Inc.,2013-07-03,2,2
7759,PSX,Phillips 66,2014-08-26,2,2
7760,MOS,MOSAIC COMPANY,2013-08-06,2,2
7761,OXM,"Oxford Industries, Inc.",2012-06-15,1,1
7762,SRE,Sempra Energy,2012-06-15,2,2
7763,VLRS,"Controladora Mabe, S.A. de C.V.",2015-09-18,1,1
7764,IBM,International Business Machines Corporation,2015-12-18,2,2
7765,OAS,OASIS PETROLEUM INC,2014-09-24,1,1
7766,TGT,Target Corporation,2012-06-15,2,2
7767,UNH,UNITEDHEALTH GROUP,2014-01-21,2,2
7768,YUM,Yum! Brands Inc.,2013-10-22,2,2
7769,FMS,Fresenius Medical Care AG & Co. KGaA,2016-01-25,1,1
7770,CRK,Comstock Resources Inc.,2014-05-07,1,1
7771,FOE,FERRO CORPORATION,2014-04-15,1,1
7772,EE,El Paso Electric Company,2014-12-18,2,2
7773,WPP,WPP PLC,2015-07-07,2,2
7774,KGC,Kinross Gold Corp.,2014-02-27,2,2
7775,BMY,Bristol-Myers Squibb Co.,2011-07-19,2,2
7776,DAL,"DELTA AIR LINES, INC",2014-05-12,2,2
7777,AMGN,Amgen Inc.,2016-05-25,2,2
7778,UNH,UnitedHealth Group Incorporated,2014-12-03,2,2
7779,KOF,COCA-COLA FEMSA SAB DE CV,2015-08-12,2,2
7780,BGG,Briggs & Stratton Corporation,2015-08-25,1,1
7781,SLGN,Silgan Holdings Inc.,2013-09-04,1,1
7782,ATVI,"Activision Blizzard, Inc.",2016-09-14,2,2
7783,XOM,EXXON MOBIL CORPORATION,2013-09-24,2,2
7784,WBA,WALGREENS BOOTS ALLIANCE INC,2015-11-03,2,2
7785,CCI,Crown Castle GS III Corp.,2015-09-24,2,2
7786,WPP,Wausau Paper Corp.,2014-07-02,1,2
7787,EMR,Emerson Electric Co.,2012-05-25,2,2
7788,DTE,DTE ENERGY COMPANY,2014-06-06,2,2
7789,NRG,"NRG ENERGY, INC.",2015-09-22,1,1
7790,GCI,TEGNA Inc.,2015-04-13,1,1
7791,PNW,PINNACLE WEST CAPITAL,2015-06-03,2,2
7792,SCCO,Southern Power Company,2014-09-24,2,2
7793,JNPR,"JUNIPER NETWORKS, INC.",2014-07-25,2,2
7794,NGD,New Gold Inc.,2012-11-08,1,1
7795,EPD,ENTERPRISE PRODUCTS PARTNERS,2015-07-27,2,2
7796,TRN,Trinity Industries Inc.,2013-05-29,1,1
7797,MMP,"MAGELLAN MIDSTREAM PARTNERS,",2013-08-09,2,2
7798,AIR,AAR CORP.,2013-04-10,1,1
7799,AVY,AVERY DENNISON CORPORATION,2015-08-05,2,2
7800,PPL,PPL CORPORATION,2014-01-24,2,2
7801,CWT,California Water Service Co.,2011-06-17,2,2
7802,RS,Reliance Steel & Aluminum Co.,2015-10-27,2,2
7803,RCII,"Rent-A-Center, Inc.",2014-02-04,1,1
7804,ADNT,Adient US LLC,2016-07-29,2,2
7805,PNM,"PNM RESOURCES, INC.",2015-09-28,2,2
7806,TTM,Tata Motors Ltd.,2016-09-26,1,1
7807,MCHP,"MICRON TECHNOLOGY, INC",2014-07-08,1,1
7808,STM,STMicroelectronics N.V.,2014-12-17,2,2
7809,HRB,"H&R BLOCK, INC",2015-04-07,2,2
7810,NGL,NGL Energy Partners LP,2015-12-23,1,1
7811,LAMR,Lamar Advertising Co.,2015-01-30,1,1
7812,IAC,IAC/InterActiveCorp,2015-02-13,1,1
7813,CAT,Caterpillar Inc.,2012-08-07,2,2
7814,ATO,Atmos Energy Corp.,2016-09-22,2,2
7815,EQT,EQT CORPORATION,2013-11-01,2,2
7816,ORLY,O'Reilly Automotive Inc.,2016-01-14,2,2
7817,JNJ,Johnson & Johnson,2013-09-25,2,2
7818,XRX,Xerox Corporation,2015-02-26,2,2
7819,EQT,EQT Corporation,2013-03-21,2,2
7820,SLCA,"U.S. Silica Holdings, Inc.",2014-09-08,1,1
7821,CHK,Chesapeake Energy Corp.,2015-11-06,1,1
7822,TFX,Teleflex Incorporated,2012-11-09,1,1
7823,ALB,ALBEMARLE CORPORATION,2014-10-28,2,1
7824,NKE,NIKE Inc.,2014-01-24,2,2
7825,NWE,NorthWestern Corporation,2013-08-22,2,2
7826,HBI,HANESBRANDS INC.,2015-02-04,1,1
7827,CSX,CSX CORPORATION,2013-07-17,2,2
7828,GSK,GlaxoSmithKline Capital Inc.,2012-02-24,2,2
7829,MMP,"MAGELLAN MIDSTREAM PARTNERS,",2014-06-13,2,2
7830,CPAC,Cementos Pacasmayo S.A.A.,2013-01-25,1,1
7831,KEP,Korea Electric Power Corp.,2016-10-31,2,2
7832,SAH,Sonic Automotive Inc.,2011-07-15,1,1
7833,UNP,Union Pacific Corporation,2014-08-08,2,2
7834,TXN,Texas Instruments Inc.,2013-04-25,2,2
7835,MCHP,"Micron Technology, Inc.",2012-08-20,1,1
7836,Y,Alleghany Corporation,2012-06-15,2,2
7837,PEG,Public Service Enterprise Group Inc.,2013-04-23,2,2
7838,GHC,Graham Holdings Company,2014-06-26,2,2
7839,TKC,Turkcell Iletisim Hizmetleri A.S,2015-10-08,2,2
7840,MOS,Mosaic Company (The),2013-11-07,2,2
7841,SNY,Sanofi,2016-09-09,2,2
7842,HSY,HERSHEY COMPANY,2014-05-14,2,2
7843,AMX,America Movil S.A.B. de C.V.,2012-06-15,2,2
7844,OEC,Orion Engineered Carbons GmbH,2015-06-22,1,1
7845,ORLY,O'Reilly Automotive Inc,2013-06-17,2,2
7846,MRK,Merck Sharpe & Dohme Corp.,2012-05-23,2,2
7847,MUR,Murphy Oil Corporation,2012-11-27,2,2
7848,RRC,Range Resources Corp.,2011-05-11,1,1
7849,CHE,CHEMED CORPORATION,2015-10-28,2,2
7850,PXD,Pioneer Natural Resources Company,2015-11-30,2,1
7851,KOP,Koppers Holdings Inc.,2012-06-15,1,1
7852,NVR,"NVR, Inc.",2012-09-05,2,2
7853,CVX,Chevron Corporation,2016-04-08,2,2
7854,NFG,NATIONAL FUEL GAS COMPANY,2015-11-20,2,2
7855,SCI,SERVICE CORPORATION,2014-11-04,1,1
7856,UHS,Universal Hospital Services Inc.,2014-04-01,1,1
7857,MOS,Mosaic Co. (The),2012-04-27,2,2
7858,FMC,FMC CORPORATION,2014-03-11,2,2
7859,HRL,HORMEL FOODS CORPORATION,2013-10-02,2,2
7860,ALJ,"Alon USA Energy, Inc.",2012-06-15,1,1
7861,CMP,Compass Minerals International Inc.,2015-06-26,1,1
7862,BZH,"Beazer Homes USA, Inc.",2012-06-15,0,0
7863,MGM,MGM Resorts International,2016-06-01,1,1
7864,HII,"Huntington Ingalls Industries, Inc.",2014-12-19,1,1
7865,SCCO,Southern Power Company,2012-12-10,2,2
7866,DVN,Devon Energy Corp.,2015-03-19,2,2
7867,MHK,Mohawk Industries Inc.,2012-03-14,2,2
7868,SWK,"STANLEY BLACK & DECKER, INC.",2015-05-04,2,2
7869,PVH,PVH CORP,2013-06-21,1,1
7870,NOK,Nokia Corporation,2014-05-13,1,1
7871,EXPE,"EXPEDIA, INC.",2014-05-30,2,2
7872,ENS,EnerSys,2012-03-08,1,1
7873,FOE,Ferro Corp.,2013-05-23,1,1
7874,MRK,Merck Sharpe & Dohme Corp.,2015-07-09,2,2
7875,PPL,PPL CORPORATION,2014-06-17,2,2
7876,CENT,Central Garden & Pet Co.,2015-01-29,1,1
7877,UIS,UNISYS CORPORATION,2014-05-27,1,1
7878,LNT,Alliant Energy Corp.,2012-01-24,2,2
7879,MYL,Mylan N.V.,2016-05-31,2,2
7880,EMR,EMERSON ELECTRIC CO.,2015-05-29,2,2
7881,ZBRA,Zebra Technologies Corp.,2015-09-03,1,1
7882,SHW,Sherwin-Williams Co.,2012-12-04,2,2
7883,VFC,V.F. CORPORATION,2014-03-19,2,2
7884,MDLZ,"Mondelez International, Inc.",2012-10-02,2,2
7885,VFC,V.F. CORPORATION,2013-10-29,2,2
7886,HCA,HCA HEALTHCARE INC,2013-06-07,1,1
7887,CNQ,Canadian Natural Resources Limited,2014-03-26,2,2
7888,NWL,Newell Brands Inc.,2016-01-29,2,2
7889,FLR,FLUOR CORPORATION,2015-06-01,2,2
7890,PNM,"PNM RESOURCES, INC.",2015-03-27,2,2
7891,PHG,Koninklijke Philips N.V.,2014-07-25,2,2
7892,SRE,SEMPRA ENERGY,2015-04-14,2,2
7893,OXY,Occidental Petroleum Corporation,2014-12-02,2,2
7894,VRNT,Verint Systems Inc.,2013-02-15,1,1
7895,CVGI,Commercial Vehicle Group Inc.,2016-02-12,1,1
7896,HRL,HORMEL FOODS CORPORATION,2015-06-09,2,2
7897,ZTS,Zoetis Inc.,2013-01-16,2,2
7898,DVA,DaVita Inc.,2012-08-14,1,1
7899,JBL,Jabil Inc.,2010-11-03,1,1
7900,DEO,DIAGEO PLC,2014-08-14,2,2
7901,K,Kellogg Company,2013-02-08,2,2
7902,NGG,National Grid Gas PLC,2014-03-07,2,2
7903,IBA,"Industrias Bachoco, S.A.B. de C.V.",2013-08-23,2,2
7904,ADP,Automatic Data Processing Inc.,2016-04-14,2,2
7905,DVN,Devon Energy Corp.,2013-03-29,2,2
7906,IGT,International Game Technology,2015-11-25,1,2
7907,SWK,"STANLEY BLACK & DECKER, INC.",2015-02-05,2,2
7908,CMCSA,Comcast Corp.,2015-01-28,2,2
7909,SBS,Companhia de Saneamento Basico do Estado de Sao Paulo (SABESP),2015-05-20,1,1
7910,ABB,ABB LTD,2015-08-12,2,2
7911,JOUT,JOHNSON CONTROLS INTERNATIONAL,2014-02-28,2,2
7912,SBUX,Starbucks Corp.,2016-02-01,2,2
7913,IPG,Interpublic Group of Cos. Inc.,2011-05-18,1,2
7914,EIX,Edison International,2014-01-30,2,2
7915,NDAQ,"NASDAQ, INC",2014-11-03,2,2
7916,FISV,"FISERV, INC.",2014-05-21,2,2
7917,TMUS,"T-Mobile USA, Inc.",2013-03-05,1,1
7918,UNH,UNITEDHEALTH GROUP,2014-10-17,2,2
7919,VMC,Vulcan Materials Company,2015-05-11,1,1
7920,SMG,Scotts Miracle-Gro Co. (The),2011-01-24,1,1
7921,TEO,Telecom Argentina S.A.,2016-04-21,1,0
7922,LLY,ELI LILLY AND COMPANY,2015-02-11,2,2
7923,EFX,EQUIFAX INC,2014-05-06,2,2
7924,SON,SONOCO PRODUCTS COMPANY,2013-07-23,2,2
7925,NVS,Novartis AG,2015-02-03,2,2
7926,WEN,Wendy's Company,2015-08-25,1,1
7927,CENT,Central Garden & Pet Company,2015-06-29,1,1
7928,KW,Kennedy-Wilson Holdings Inc.,2014-12-12,1,1
7929,CVX,CHEVRON CORPORATION,2015-09-24,2,2
7930,TMO,Thermo Fisher Scientific Inc.,2012-07-16,2,2
7931,VIA,Viacom Inc.,2016-08-05,2,2
7932,DIS,Walt Disney Company (The),2011-12-22,2,2
7933,CHK,Chesapeake Energy Corporation,2014-05-20,1,2
7934,RSG,"REPUBLIC SERVICES, INC",2013-07-29,2,2
7935,SAP,SAP SE,2014-11-12,2,2
7936,FLS,Flowserve Corp.,2010-11-05,1,1
7937,ITW,Illinois Tool Works Inc.,2014-03-28,2,2
7938,RIO,Rio Tinto Limited,2016-02-24,2,2
7939,SRE,Sempra Energy,2016-10-04,2,2
7940,FUN,Cedar Fair L.P.,2012-01-23,1,1
7941,TOL,"TOLL BROTHERS, INC",2015-01-13,2,2
7942,PNW,PINNACLE WEST CAPITAL,2015-03-23,2,2
7943,TRN,"TRINITY INDUSTRIES, INC",2014-04-10,2,1
7944,POST,"Post Holdings, Inc.",2013-11-13,1,1
7945,KMB,KIMBERLY-CLARK CORPORATION,2014-07-23,2,2
7946,ITW,Illinois Tool Works Inc.,2014-05-15,2,2
7947,LII,LENNOX INTERNATIONAL INC.,2015-04-22,2,2
7948,CVS,CVS Health Corporation,2013-07-26,2,2
7949,MHO,"M/I Homes, Inc.",2016-07-19,1,1
7950,HAL,HALLIBURTON COMPANY,2014-10-22,2,2
7951,JNJ,Johnson & Johnson,2013-12-02,2,2
7952,ORLY,O'Reilly Automotive Inc.,2013-01-25,2,2
7953,NOK,Nokia Corp.,2014-05-15,1,1
7954,TXN,TEXAS INSTRUMENTS INCORPORATED,2015-04-30,2,2
7955,MRO,MARATHON OIL CORPORATION,2015-05-29,2,2
7956,D,"Dominion Energy, Inc.",2015-09-21,2,2
7957,NFG,National Fuel Gas Co.,2013-03-01,2,2
7958,YUM,"YUM! BRANDS, INC.",2014-10-09,2,2
7959,HZN,Horizon Global Corp.,2015-07-10,1,1
7960,CNQ,Canadian Natural Resources Ltd.,2011-11-01,2,2
7961,GILD,"GILEAD SCIENCES, INC",2014-11-06,2,2
7962,LNT,ALLIANT ENERGY CORP,2015-06-04,2,2
7963,RYN,RAYONIER INC.,2015-09-18,2,2
7964,NWL,NEWELL BRANDS INC,2015-09-03,2,2
7965,PHG,Koninklijke Philips N.V.,2012-02-03,2,2
7966,MCHP,"MICRON TECHNOLOGY, INC",2013-09-05,1,1
7967,CENT,Central Garden & Pet Co.,2012-05-15,1,0
7968,TEVA,Teva Pharmaceutical Industries Ltd,2016-08-02,2,2
7969,LDOS,"Leidos Holdings, Inc.",2016-05-05,2,2
7970,NUE,NUCOR CORPORATION,2014-02-03,2,2
7971,KGC,Kinross Gold Corporation,2014-03-03,2,1
7972,TMO,Thermo Fisher Scientific Inc.,2014-11-17,2,2
7973,BGG,Briggs & Stratton Corporation,2015-01-23,1,1
7974,TXT,Textron Inc.,2015-12-17,2,2
7975,XEL,Xcel Energy Inc.,2012-09-27,2,2
7976,INFO,IHS Markit Ltd.,2016-06-28,1,1
7977,CNSL,"Consolidated Communications, Inc.",2013-12-13,1,1
7978,MLM,"MARTIN MARIETTA MATERIALS,",2015-02-20,2,2
7979,IDA,IDACORP Inc.,2016-12-02,2,2
7980,TECK,Teck Resources Ltd.,2014-06-27,2,2
7981,BURL,Burlington Resources Finance Co.,2016-02-02,2,2
7982,STX,Seagate Technology HDD Holdings,2014-11-24,2,2
7983,WFRD,Weatherford International LLC,2016-05-10,1,1
7984,CAH,"Cardinal Health, Inc.",2013-02-19,2,2
7985,FET,"Forum Energy Technologies, Inc.",2016-07-11,1,1
7986,TMO,Thermo Fisher Scientific Inc.,2013-12-17,2,2
7987,PGR,Progressive Corporation (The),2016-08-22,2,2
7988,DRI,"DARDEN RESTAURANTS, INC",2015-07-02,1,1
7989,GILD,"GILEAD SCIENCES, INC",2013-12-13,2,2
7990,AVY,AVERY DENNISON CORPORATION,2013-11-12,2,2
7991,NGG,National Grid North America Inc.,2015-06-16,2,2
7992,COO,"Cooper Companies, Inc. (The)",2015-02-17,2,1
7993,MERC,Mercer International Inc.,2016-10-20,1,1
7994,BABA,Alibaba Group Holding Limited,2016-03-11,2,2
7995,HON,HONEYWELL INTERNATIONAL INC,2015-07-21,2,2
7996,ERJ,Embraer Overseas Limited,2012-06-15,2,2
7997,CHTR,"Charter Communications Operating, LLC",2016-05-10,1,1
7998,CHE,CHEMED CORPORATION,2015-08-12,2,2
7999,FCAU,Fiat Chrysler Automobiles N.V.,2016-05-10,1,1
8000,HON,HONEYWELL INTERNATIONAL INC,2014-04-29,2,2
8001,AVA,AVISTA CORPORATION,2015-09-01,2,2
8002,CNHI,CNH INDUSTRIAL NV,2015-07-27,1,1
8003,FOE,FERRO CORPORATION,2013-08-26,1,1
8004,CBT,CABOT CORPORATION,2014-01-10,2,2
8005,RRC,RANGE RESOURCES CORPORATION,2014-04-03,1,1
8006,MTZ,"MASTEC, INC",2013-08-21,2,2
8007,BLDR,"Builders FirstSource, Inc.",2013-05-13,0,1
8008,PBI,Pitney Bowes Inc.,2014-03-04,2,2
8009,KMT,KENNAMETAL INC.,2014-06-03,2,2
8010,PHG,KONINKLIJKE PHILIPS NV,2015-05-11,2,2
8011,ORLY,"O'REILLY AUTOMOTIVE, INC.",2015-01-09,2,2
8012,ORCL,ORACLE CORPORATION,2013-09-16,2,2
8013,JOUT,Johnson Controls Inc.,2014-02-19,2,2
8014,LII,LENNOX INTERNATIONAL INC.,2014-10-10,2,2
8015,VGR,Vector Ltd.,2013-11-26,2,1
8016,DUK,Duke Energy Corporation,2013-03-28,2,2
8017,GEF,Greif Inc.,2016-08-29,1,1
8018,EME,Edison Mission Energy,2012-08-10,0,0
8019,KTOS,"Kratos Defense and Security Solutions, Inc.",2014-05-08,1,0
8020,AMGN,Amgen Inc.,2012-09-26,2,2
8021,KBH,KB Home,2011-06-28,1,0
8022,XEC,Cimarex Energy Co,2015-11-13,2,1
8023,GPS,Gap Inc. (The),2013-05-10,2,1
8024,PSX,Phillips 66,2016-10-31,2,2
8025,LPX,Louisiana-Pacific Corp.,2012-08-30,1,1
8026,MTOR,"MERITOR, INC",2014-02-11,1,1
8027,FLS,FLOWSERVE CORPORATION,2014-07-25,2,2
8028,FISV,"FISERV, INC.",2013-08-01,2,2
8029,BTU,PEABODY ENERGY CORPORATION,2014-05-14,1,0
8030,NGG,NATIONAL GRID PLC,2015-07-01,2,2
8031,ROK,Rockwell Automation Inc.,2012-05-25,2,2
8032,EMN,Eastman Chemical Co.,2011-08-18,2,2
8033,NWN,Northwest Natural Gas Co.,2012-06-04,2,2
8034,CNI,CANADIAN NATIONAL RAILWAY,2014-02-20,2,2
8035,SPR,"Spirit Aerosystems Holdings, Inc.",2016-03-17,2,1
8036,TXN,Texas Gas Transmission LLC,2015-03-06,2,2
8037,WOR,Worthington Industries Inc.,2012-06-27,2,2
8038,RRC,RANGE RESOURCES CORPORATION,2013-12-23,1,1
8039,NVDA,Nvidia Corporation,2016-09-14,2,2
8040,AEE,AMEREN CORPORATION,2015-03-25,1,2
8041,BAX,Baxter International Inc.,2012-06-15,2,2
8042,PTC,PTC Inc.,2016-05-02,1,2
8043,LLY,Eli Lilly & Co.,2016-05-10,2,2
8044,RRC,Range Resources Corp.,2016-05-05,1,1
8045,POL,PolyOne Corporation,2015-05-27,2,2
8046,DTE,DTE Energy Center LLC,2012-07-09,2,2
8047,TGT,Target Corp.,2014-03-28,2,2
8048,HAL,HALLIBURTON COMPANY,2014-01-23,2,2
8049,TEN,"Tenneco, Inc.",2013-03-13,1,1
8050,ABT,Abbott Laboratories,2015-03-05,2,2
8051,KRO,Kronos Incorporated,2013-11-22,1,1
8052,TEN,Tenneco Inc.,2016-04-11,2,1
8053,INTC,Intel Corp.,2013-07-17,2,2
8054,TXN,Texas Eastern Transmission LP,2013-06-14,2,2
8055,FLO,"Flowers Foods, Inc.",2016-09-23,2,2
8056,MDC,"M.D.C. Holdings, Inc.",2014-01-10,2,1
8057,EMN,Eastman Chemical Co.,2016-01-21,2,2
8058,STON,StoneMor Partners L.P.,2013-05-13,1,1
8059,EPD,Enterprise Products Operating LLC,2014-05-08,2,2
8060,DOV,DOVER CORPORATION,2015-07-23,2,2
8061,TSN,"Tyson Foods, Inc.",2016-06-29,2,2
8062,INSW,INTERNATIONAL SPEEDWAY,2015-02-20,2,2
8063,ENTG,Entegris Inc.,2016-03-03,1,1
8064,HEP,Holly Energy Partners LP,2016-07-12,1,1
8065,ATI,Allegheny Technologies Incorporated,2015-11-06,1,1
8066,NGG,National Grid PLC,2012-06-18,2,2
8067,RRC,Range Resources Corp.,2013-01-30,1,1
8068,MCHP,"MICRON TECHNOLOGY, INC",2015-07-01,1,1
8069,MHO,"M/I HOMES, INC",2014-08-04,1,1
8070,BZH,Beazer Homes USA Inc.,2012-06-29,0,0
8071,CVS,CVS HEALTH CORPORATION,2015-05-18,2,2
8072,APA,Apache Corporation,2015-10-07,2,1
8073,OXY,OCCIDENTAL PETROLEUM,2014-11-04,2,2
8074,ATVI,"Activision Blizzard, Inc.",2015-11-02,2,1
8075,FTS,Fortis Inc.,2016-09-26,2,2
8076,WFRD,WEATHERFORD INTERNATIONAL PLC,2015-10-23,1,1
8077,PVH,PVH CORP,2015-10-05,1,1
8078,EOG,EOG Resources Inc.,2014-08-28,2,2
8079,HSC,HARSCO CORPORATION,2015-11-23,1,1
8080,MTOR,Meritor Inc.,2012-02-13,1,1
8081,CHDN,Churchill Downs Inc.,2015-10-29,1,1
8082,KEP,Korea Electric Power Corporation,2013-07-16,2,2
8083,DAL,"Delta Air Lines, Inc.",2014-11-17,2,2
8084,LEN,Lennar Corporation,2013-01-30,1,1
8085,CNI,Canadian National Railway Company,2012-06-15,2,2
8086,NEE,NextEra Energy Inc.,2014-04-02,2,2
8087,HOG,"HARLEY-DAVIDSON, INC",2014-02-11,2,2
8088,GOGO,Gogo Inc.,2016-06-09,1,0
8089,XOM,Exxon Mobil Corp.,2012-12-26,2,2
8090,CCEP,Coca-Cola European Partners US LLC,2012-06-15,2,2
8091,EQT,EQT Corporation,2012-02-07,2,2
8092,UNH,UNITEDHEALTH GROUP,2014-05-12,2,2
8093,FLR,Fluor Corp.,2014-11-18,2,2
8094,ALB,Albemarle Corporation,2015-05-29,2,2
8095,TECK,Teck Resources Ltd.,2016-05-24,1,1
8096,CSL,Carlisle Companies Incorporated,2012-06-15,2,2
8097,ADI,"ANALOG DEVICES, INC",2015-02-25,2,2
8098,CVGI,Commercial Vehicle Group Inc.,2014-01-28,1,1
8099,LAMR,Lamar Advertising Co.,2014-01-30,1,1
8100,LSXMA,LIBERTY MEDIA CORP.,2015-08-28,1,1
8101,HFC,HollyFrontier Corporation,2015-04-01,2,2
8102,SNA,SNAP-ON INCORPORATED,2014-07-18,2,2
8103,WMB,Williams Companies Inc. (The),2016-01-26,1,1
8104,MCHP,Micron Technology Inc.,2012-12-11,1,1
8105,ETR,Entergy Corp,2016-06-06,2,2
8106,FDX,FedEx Corp.,2015-09-21,2,2
8107,IRM,"IRON MOUNTAIN, INC",2015-05-12,1,1
8108,CCOI,"Cogent Communications Holdings, Inc.",2016-11-28,1,1
8109,BYD,Boyd Gaming Corp.,2016-08-05,1,1
8110,YPF,YPF Sociedad Anonima,2016-10-13,1,1
8111,DAR,Darling Ingredients Inc.,2015-09-29,1,1
8112,CVX,CHEVRON CORPORATION,2015-05-28,2,2
8113,SBH,"Sally Beauty Holdings, Inc.",2012-06-15,1,1
8114,CSX,CSX CORPORATION,2013-10-16,2,2
8115,DGX,Quest Diagnostics Inc,2012-06-15,2,2
8116,CMI,CUMMINS INC.,2014-02-25,2,2
8117,XRX,XEROX CORPORATION,2014-01-28,1,1
8118,THS,"TreeHouse Foods, Inc.",2013-12-17,1,1
8119,SWX,"SOUTHWEST GAS HOLDINGS, INC.",2014-01-31,2,2
8120,NGG,National Grid North America Inc.,2013-02-13,2,2
8121,KEYS,Keysight Technologies Inc.,2014-09-12,2,2
8122,EPD,Enterprise Products Operating LLC,2015-05-29,2,2
8123,CCZ,Comcast Corporation,2016-07-12,2,2
8124,PFE,PFIZER INC.,2014-06-05,2,2
8125,CASA,"Casa Systems, Inc.",2016-11-30,1,2
8126,SWK,Stanley Black & Decker Inc.,2015-11-05,2,2
8127,CHK,CHESAPEAKE ENERGY CORPORATION,2015-03-31,2,2
8128,CSCO,"CISCO SYSTEMS, INC",2013-10-03,2,2
8129,TKR,Timken Co. (The),2014-06-25,2,2
8130,Y,Alleghany Corporation,2016-01-27,2,2
8131,GLW,Corning Inc.,2013-12-16,2,2
8132,INTC,Intel Corporation,2015-11-23,2,2
8133,DTE,"DTE Energy Center, LLC",2013-03-05,1,2
8134,BIO,Bio-Rad Laboratories Inc.,2014-05-21,2,2
8135,OMC,OMNICOM GROUP INC,2014-04-30,2,2
8136,OAS,OASIS PETROLEUM INC,2015-04-06,1,1
8137,SUN,Sunoco LP,2015-11-16,1,1
8138,UIS,UNISYS CORPORATION,2013-11-19,1,1
8139,ROP,"ROPER TECHNOLOGIES, INC",2014-08-04,2,2
8140,MLM,"Martin Marietta Materials, Inc.",2014-07-01,2,1
8141,SBUX,STARBUCKS CORPORATION,2014-11-19,2,2
8142,SJR,Shaw Communications Inc.,2012-06-15,2,2
8143,AMKR,"AMKOR TECHNOLOGY, INC",2013-08-29,1,1
8144,MTDR,Matador Resources Company,2015-04-06,1,1
8145,LUV,SOUTHWEST AIRLINES CO,2015-06-28,2,2
8146,CHH,"Choice Hotels International, Inc.",2015-08-10,2,2
8147,BZH,Beazer Homes USA Inc.,2016-03-11,0,0
8148,SCCO,Southern Copper Corp.,2011-07-27,2,2
8149,IO,Ion Geophysical Corporation,2013-05-01,1,0
8150,WBA,"Walgreens Boots Alliance, Inc.",2016-05-06,2,2
8151,HAS,Hasbro Inc.,2013-03-29,2,2
8152,LUV,Southwest Airlines Co.,2015-11-02,2,2
8153,JBLU,JETBLUE AIRWAYS CORPORATION,2015-01-08,1,1
8154,FDX,FEDEX CORPORATION,2015-04-06,2,2
8155,CNQ,Canadian Natural Resources Ltd.,2011-10-26,2,2
8156,GHC,Graham Holdings Company,2015-06-24,1,2
8157,CVS,CVS HEALTH CORPORATION,2014-05-27,2,2
8158,FMC,FMC Corporation,2013-11-12,2,2
8159,EOG,"EOG RESOURCES, INC",2013-12-18,2,2
8160,STM,STMicroelectronics Finance B.V.,2012-06-15,2,2
8161,GLT,Glatfelter (P.H.) Co.,2013-06-19,1,1
8162,DELL,Dell Inc.,2016-09-07,1,1
8163,MTZ,"MASTEC, INC",2014-09-03,2,2
8164,AWR,American States Water Co.,2011-07-25,2,2
8165,TXT,TEXTRON INC,2013-12-20,2,2
8166,III,"Information Resources, Inc.",2014-05-01,1,1
8167,PCG,PG&E CORPORATION,2014-08-13,2,2
8168,SRE,Sempra Energy,2015-03-10,2,2
8169,NUE,Nucor Corporation,2012-06-15,2,2
8170,SSL,Sasol Limited,2015-12-18,2,2
8171,WTI,"W&T Offshore, Inc.",2014-04-30,1,1
8172,TEX,TEREX CORPORATION,2014-12-05,1,1
8173,NWE,NorthWestern Corporation,2015-03-31,2,2
8174,FICO,Fair Isaac Corporation,2015-09-01,2,2
8175,ARCO,Arcos Dorados Holdings Inc.,2013-09-24,1,1
8176,MCHP,Micron Technology Inc.,2015-06-25,1,1
8177,NWL,NEWELL BRANDS INC,2013-11-14,2,2
8178,PM,Philip Morris International Inc,2012-06-15,2,2
8179,DAL,"Delta Air Lines, Inc. (Old)",2012-10-01,1,2
8180,SHEL,Royal Dutch Shell Plc,2016-04-08,2,2
8181,VZ,Verizon Communications Inc.,2014-05-16,2,2
8182,ABG,"Asbury Automotive Group, Inc.",2012-08-21,1,0
8183,AZN,AstraZeneca PLC,2014-11-20,2,2
8184,BZH,"Beazer Homes USA, Inc.",2012-09-06,0,0
8185,MAN,ManpowerGroup Inc.,2013-04-16,2,2
8186,HCA,"HCA Healthcare, Inc.",2013-07-31,1,1
8187,KSS,KOHL'S CORPORATION,2013-11-20,2,2
8188,COP,ConocoPhillips,2012-02-07,2,2
8189,BWA,BorgWarner Inc.,2014-05-28,2,2
8190,DEO,Diageo PLC,2012-09-27,2,2
8191,NFG,National Fuel Gas Co.,2014-03-18,2,2
8192,AMGN,Amgen Inc.,2013-08-27,2,2
8193,VLO,Valero Energy Corporation,2014-03-31,2,2
8194,EQIX,"EQUINIX, INC.",2014-08-07,1,1
8195,SSNC,SS&C Technologies Holdings Europe S.a.r.l.,2014-03-10,1,1
8196,JBLU,JetBlue Airways Corporation,2011-12-01,1,1
8197,CSX,CSX Corp.,2013-10-31,2,2
8198,MGA,Magna International Inc.,2016-07-18,2,2
8199,OXY,Occidental Petroleum Corporation,2016-02-25,2,2
8200,BIO,"BIO-RAD LABORATORIES, INC",2015-04-08,2,2
8201,NCR,NCR Corp.,2012-09-11,1,1
8202,ACM,AECOM,2014-10-23,1,1
8203,OTTR,OTTER TAIL CORPORATION,2015-11-25,2,1
8204,FLS,Flowserve Corporation,2013-10-28,2,2
8205,PTR,PetroChina Company Limited,2012-06-15,2,2
8206,CSX,CSX Corp.,2012-04-27,2,2
8207,SMG,Scotts Miracle-Gro Co. (The),2015-10-07,1,1
8208,NAV,Navistar International Corporation,2013-12-16,0,1
8209,AVT,"AVNET, INC",2014-08-27,2,2
8210,SJR,Shaw Communications Inc.,2011-11-04,2,2
8211,TKC,Turkcell Iletisim Hizmetleri A.S.,2015-09-23,2,2
8212,INTC,Intel Corporation,2012-12-04,2,2
8213,MHK,"MOHAWK INDUSTRIES, INC.",2013-12-23,2,2
8214,HSY,HERSHEY COMPANY,2014-11-12,2,2
8215,XEL,XCEL ENERGY INC.,2015-09-24,2,2
8216,AWR,American States Water Co.,2014-07-21,2,2
8217,DAL,Delta Air Lines,2015-09-14,2,2
8218,CNI,CANADIAN NATIONAL RAILWAY,2015-11-09,2,2
8219,PH,Parker-Hannifin Corporation,2012-05-24,2,2
8220,EQT,EQT CORPORATION,2015-03-09,2,2
8221,CMI,CUMMINS INC.,2015-11-04,2,2
8222,KGC,Kinross Gold Corp.,2016-09-26,1,2
8223,JNJ,JOHNSON & JOHNSON,2014-05-30,2,2
8224,VFC,V.F. CORPORATION,2014-10-22,2,2
8225,BZH,Beazer Homes USA Inc.,2014-07-31,0,0
8226,PCG,PG&E CORPORATION,2013-09-11,2,2
8227,MTH,Meritage Homes Corporation,2014-05-16,1,1
8228,GLW,Corning Incorporated,2015-05-05,2,2
8229,SPWR,SUNPOWER CORPORATION,2014-03-06,1,0
8230,PHG,Koninklijke Philips N.V.,2013-07-24,2,2
8231,SEM,Select Medical Holdings Corporation,2014-11-19,1,1
8232,SPWR,SUNPOWER CORPORATION,2014-05-16,1,0
8233,CDNS,Cadence Design Systems Inc.,2016-02-04,2,2
8234,UNP,Union Pacific Corporation,2015-01-28,2,2
8235,ERJ,Embraer Overseas Limited,2016-02-25,1,2
8236,ALSN,"Allison Transmission, Inc.",2013-10-15,1,1
8237,BBBY,Bed Bath & Beyond Inc.,2015-07-02,2,2
8238,CAT,Caterpillar Inc.,2015-04-09,2,2
8239,NGD,New Gold Inc.,2012-06-15,1,1
8240,PPG,"PPG INDUSTRIES, INC",2015-04-17,2,2
8241,OTTR,OTTER TAIL CORPORATION,2015-02-19,1,1
8242,AMRX,Amneal Pharmaceuticals LLC,2016-10-26,1,1
8243,OGE,OGE Energy Corp.,2014-01-31,2,2
8244,GILD,"Gilead Sciences, Inc.",2015-04-08,2,2
8245,BC,Brunswick Corporation,2012-06-15,1,1
8246,TMO,Thermo Fisher Scientific Inc.,2013-12-09,2,2
8247,SANM,Sanmina Corporation,2012-07-19,1,1
8248,CNI,CANADIAN NATIONAL RAILWAY,2015-04-28,2,2
8249,NE,Noble Corporation,2013-03-13,2,2
8250,TEX,TEREX CORPORATION,2014-03-25,1,1
8251,HBI,Hanesbrands Inc.,2015-04-16,2,1
8252,IDA,"IDACORP, INC",2013-12-30,2,2
8253,BRFS,BRF S.A.,2015-10-28,2,2
8254,CVE,Cenovus Energy Inc.,2013-03-27,2,2
8255,AMAG,"AMAG Pharmaceuticals, Inc.",2016-10-10,1,1
8256,DOOR,Masonite International Corp.,2015-04-17,1,1
8257,VMI,"Valmont Industries, Inc.",2012-06-15,2,2
8258,SCCO,Southern Power Company,2015-05-15,2,2
8259,THC,TENET HEALTHCARE CORPORATION,2015-05-29,1,1
8260,ITW,ILLINOIS TOOL WORKS INC,2013-11-01,2,2
8261,NWN,Northwest Natural Gas Co.,2015-05-22,2,2
8262,TRGP,Targa Resources Corp.,2015-01-30,1,1
8263,NWL,Newell Brands Inc.,2016-04-22,2,2
8264,KOF,COCA-COLA FEMSA SAB DE CV,2014-04-14,2,2
8265,NFG,National Fuel Gas Company,2014-05-21,2,2
8266,CCU,"iHeartCommunications, Inc.",2015-02-20,0,0
8267,EOG,EOG Resources Inc.,2011-08-19,2,2
8268,BZH,Beazer Homes USA Inc.,2013-05-15,0,0
8269,NVR,NVR Inc.,2014-03-04,2,2
8270,UGI,UGI CORPORATION,2014-12-22,2,2
8271,JOUT,JOHNSON CONTROLS INTERNATIONAL,2014-07-30,2,2
8272,ABEV,Ambev S.A.,2015-10-30,2,2
8273,SJR,SHAW COMMUNICATIONS INC. CLASS,2014-04-21,2,2
8274,NRG,"NRG ENERGY, INC.",2013-12-05,1,1
8275,DTE,DTE Energy Center LLC,2013-07-25,2,2
8276,OC,Owens Corning Inc,2014-10-28,2,2
8277,CLMT,Calumet Specialty Products Partners LP,2013-09-03,1,1
8278,SBS,Companhia de San Bas do Estado de Sao Paulo,2015-08-28,1,1
8279,ORAN,Orange,2016-05-11,2,2
8280,BUD,Anheuser-Busch InBev Finance Inc,2015-07-24,2,2
8281,MAN,MANPOWERGROUP INC.,2015-02-03,2,2
8282,NWL,NEWELL BRANDS INC,2014-07-07,2,2
8283,LKQ,LKQ Corporation,2013-04-29,1,1
8284,TMO,THERMO FISHER SCIENTIFIC INC.,2014-05-09,2,2
8285,CHTR,"CHARTER COMMUNICATIONS, INC",2014-03-21,1,1
8286,OLN,OLIN CORPORATION,2014-12-05,2,2
8287,HSC,HARSCO CORPORATION,2014-09-05,1,1
8288,TGT,Target Corp.,2016-03-23,2,2
8289,XOM,Exxon Mobil Corp.,2015-09-21,2,2
8290,GCI,TEGNA Inc.,2013-03-04,1,1
8291,SMTC,Semtech Corporation,2012-06-15,1,1
8292,MCK,McKesson Corporation,2013-03-05,2,2
8293,PHI,PLDT Inc.,2014-09-09,2,2
8294,RRC,Range Resources Corp.,2012-02-24,1,1
8295,KEP,Korea Electric Power Corp.,2010-11-30,2,2
8296,EBAY,EBAY INC.,2015-10-26,2,2
8297,AMZN,"AMAZON.COM, INC",2014-10-28,2,2
8298,XOM,EXXON MOBIL CORPORATION,2015-03-12,2,2
8299,AZO,"AUTOZONE, INC",2015-04-01,2,2
8300,SJM,J.M. Smucker Company (The),2012-06-15,2,2
8301,DTE,DTE Energy Company,2015-06-10,2,2
8302,HBI,HANESBRANDS INC.,2013-09-17,1,1
8303,TKR,TIMKEN COMPANY,2015-09-01,2,2
8304,CRS,Carpenter Technology Corporation,2012-06-15,2,2
8305,DTE,DTE Energy Company,2016-10-25,2,2
8306,HOG,"HARLEY-DAVIDSON, INC",2015-05-05,2,2
8307,ENS,EnerSys,2013-08-16,1,1
8308,DAN,DANA INCORPORATED,2014-07-31,2,2
8309,NEE,NextEra Energy Inc.,2013-03-22,2,2
8310,YRCW,"YRC Worldwide, Inc.",2014-12-19,1,0
8311,TAC,TransAlta Corp.,2011-08-09,1,2
8312,BUD,ANHEUSER-BUSCH INBEV SA/NV,2015-10-13,2,2
8313,MGEE,Madison Gas & Electric Co.,2014-08-25,2,2
8314,EMN,EASTMAN CHEMICAL COMPANY,2014-11-14,2,2
8315,PFE,PFIZER INC.,2015-10-29,2,2
8316,MRC,MRC Global (US) Inc.,2015-04-21,1,1
8317,ABT,Abbott Laboratories,2015-03-04,2,2
8318,IRM,"IRON MOUNTAIN, INC",2014-04-14,2,2
8319,SCHL,Scholastic Corp.,2011-04-28,1,1
8320,HON,Honeywell International Inc.,2013-12-05,2,2
8321,WMB,Williams Companies Inc. (The),2015-06-22,1,1
8322,COO,"Cooper Companies, Inc. (The)",2014-08-06,2,1
8323,ABB,ABB LTD,2014-07-28,2,2
8324,CBT,Cabot Corp.,2013-01-11,2,2
8325,SJR,Shaw Communications Inc.,2012-11-20,2,2
8326,ABB,ABB LTD,2014-10-23,2,2
8327,MRK,Merck Sharp & Dohme Corp.,2013-05-14,2,2
8328,D,"Dominion Energy, Inc.",2013-05-01,2,2
8329,HBI,"Hanesbrands, Inc.",2012-08-06,2,1
8330,BTU,PEABODY ENERGY CORPORATION,2014-02-20,1,0
8331,EOG,"EOG RESOURCES, INC",2013-09-06,2,2
8332,SCI,SERVICE CORPORATION,2015-09-11,2,1
8333,APD,AIR PRODUCTS AND CHEMICALS,2013-08-02,2,2
8334,TEN,TENNECO INC,2015-05-11,2,2
8335,LSCC,Lattice Semiconductor Corporation,2015-09-29,1,1
8336,CBT,Cabot Corp.,2015-10-28,2,2
8337,EMR,EMERSON ELECTRIC CO.,2015-09-03,2,2
8338,EXPE,"Expedia, Inc.",2012-06-15,2,2
8339,SON,Sonoco Products Co.,2014-09-17,2,2
8340,CENT,Central Garden & Pet Co.,2013-01-18,0,0
8341,CDW,CDW Corporation,2013-04-03,1,1
8342,CTAS,CINTAS CORPORATION,2014-07-16,2,2
8343,BZH,Beazer Homes USA Inc.,2011-05-24,0,0
8344,THS,"TreeHouse Foods, Inc.",2015-11-02,1,1
8345,CSX,CSX CORPORATION,2015-10-14,2,2
8346,LLY,Eli Lilly & Co.,2015-10-21,2,2
8347,LEN,Lennar Corporation,2016-02-26,1,1
8348,FANG,"Diamondback Energy, Inc.",2016-12-15,1,1
8349,BIIB,Biogen Inc.,2015-09-10,2,2
8350,DLTR,"Dollar Tree, Inc.",2015-02-05,1,1
8351,SANM,Sanmina Corp.,2016-10-07,1,1
8352,ANTM,"Anthem, Inc.",2014-08-06,2,2
8353,AMX,"America Movil, S.A.B. de C.V.",2013-12-18,2,2
8354,MGEE,Madison Gas & Electric Co.,2015-12-08,2,2
8355,EXPR,Express LLC,2014-04-25,1,1
8356,BWA,BORGWARNER INC,2014-11-24,2,2
8357,TEN,Tenneco Inc.,2014-04-30,1,1
8358,VIA,Viacom Inc.,2016-09-22,2,2
8359,NBR,NABORS INDUSTRIES LTD,2015-04-06,2,2
8360,APH,Amphenol Corp.,2011-12-06,2,2
8361,NFG,National Fuel Gas Co.,2014-06-30,2,2
8362,SWK,"STANLEY BLACK & DECKER, INC.",2015-02-19,2,2
8363,POST,Post Holdings Inc.,2015-03-18,1,1
8364,CAT,Caterpillar Inc.,2013-09-13,2,2
8365,SBUX,STARBUCKS CORPORATION,2013-12-24,2,2
8366,EAT,"Brinker International, Inc.",2016-09-20,2,1
8367,WBA,WALGREENS BOOTS ALLIANCE INC,2014-04-16,2,2
8368,BDC,Belden Inc.,2011-04-26,1,1
8369,WLK,Westlake Chemical Corporation,2012-07-10,2,2
8370,MCHP,"MICRON TECHNOLOGY, INC",2013-10-15,1,1
8371,CZR,CAESARS ENTERTAINMENT,2015-05-21,0,0
8372,DAL,"DELTA AIR LINES, INC",2015-01-25,2,2
8373,SCI,SERVICE CORPORATION,2014-05-13,1,1
8374,EFX,Equifax Inc.,2015-11-11,2,2
8375,NFG,National Fuel Gas Co.,2012-06-15,2,2
8376,GPOR,Gulfport Energy Corp.,2016-10-06,1,1
8377,FLR,FLUOR CORPORATION,2014-09-15,2,2
8378,SMG,Scotts Miracle-Gro Co. (The),2013-12-20,1,1
8379,OC,Owens Corning Inc,2016-08-03,2,2
8380,PAA,"PLAINS ALL AMERICAN PIPELINE,",2014-06-11,2,2
8381,BMY,Bristol-Myers Squibb Company,2013-07-01,2,2
8382,BDC,Belden Inc.,2014-03-27,1,1
8383,MOS,MOSAIC COMPANY,2014-09-15,2,2
8384,MWA,"Mueller Water Products, Inc.",2012-06-15,1,0
8385,TECK,Teck Resources Limited,2016-02-23,1,1
8386,TEN,TENNECO INC,2014-05-30,2,2
8387,MMC,"Marsh & McLennan Companies, Inc.",2015-06-04,2,2
8388,EBAY,EBAY INC.,2013-07-19,2,2
8389,OTTR,Otter Tail Corporation,2012-06-21,1,1
8390,RSG,"Republic Services, Inc.",2016-07-11,2,2
8391,KTOS,"Kratos Defense and Security Solutions, Inc.",2014-11-13,0,0
8392,NOC,Northrop Grumman Corporation,2015-02-03,2,2
8393,URI,"UNITED RENTALS, INC",2014-01-28,1,1
8394,EXC,EXELON CORPORATION,2013-09-17,2,2
8395,MSFT,Microsoft Corp.,2016-08-15,2,2
8396,CAL,United Utilities Water Finance PLC,2016-06-09,2,2
8397,BTU,Peabody Energy Corp.,2013-08-26,1,1
8398,EIX,Edison International,2013-10-21,2,2
8399,APD,"Air Products and Chemicals, Inc.",2012-06-15,2,2
8400,CAG,Conagra Brands Inc.,2015-08-20,2,2
8401,DLX,DELUXE CORPORATION,2014-07-31,2,2
8402,AMGN,Amgen Inc.,2011-09-12,2,2
8403,UNP,UNION PACIFIC CORPORATION,2013-08-26,2,2
8404,LXU,"LSB Industries, Inc.",2013-07-23,1,1
8405,CLF,Cleveland-Cliffs Inc.,2016-01-05,0,0
8406,CXW,"CORECIVIC, INC.",2013-11-22,2,2
8407,JOUT,JOHNSON CONTROLS INTERNATIONAL,2014-05-27,2,2
8408,CVS,CVS HEALTH CORPORATION,2015-11-16,2,2
8409,DUK,Duke Energy Corporation,2012-06-15,2,2
8410,AZO,AutoZone Inc.,2014-05-14,2,2
8411,SWX,"SOUTHWEST GAS HOLDINGS, INC.",2014-06-10,2,2
8412,LMT,LOCKHEED MARTIN CORPORATION,2014-10-23,2,2
8413,AMOV,"America Movil, S.A.B. de C.V.",2012-06-15,2,2
8414,STM,STMicroelectronics N.V.,2016-03-11,2,2
8415,FET,"Forum Energy Technologies, Inc.",2016-02-29,1,1
8416,CNHI,CNH Industrial N.V.,2015-12-21,1,1
8417,NFG,NATIONAL FUEL GAS COMPANY,2013-10-02,2,2
8418,GLDD,Great Lakes Dredge & Dock Corp.,2012-08-07,1,1
8419,FTI,FMC Technologies Inc.,2014-02-28,2,2
8420,MBT,Mobile TeleSystems PJSC,2014-12-30,2,1
8421,PKG,Packaging Corp. of America,2015-08-28,2,2
8422,OC,Owens Corning Inc,2013-08-16,2,2
8423,OMC,"Omnicom Group, Inc.",2012-06-15,2,2
8424,LUV,SOUTHWEST AIRLINES CO,2014-07-31,2,2
8425,DAR,Darling Ingredients Inc.,2013-09-27,1,1
8426,INTU,INTUIT INC,2015-02-26,2,2
8427,ETR,ENTERGY CORPORATION,2014-03-10,2,2
8428,BURL,Burlington Resources Finance Company,2015-08-20,2,2
8429,NWN,NORTHWEST NATURAL GAS COMPANY,2015-09-08,2,2
8430,HRB,"H&R BLOCK, INC",2014-09-10,2,2
8431,CL,Colgate-Palmolive Company,2013-08-12,2,2
8432,TAC,TransAlta Corp.,2016-09-30,1,1
8433,CAG,Conagra Brands Inc.,2016-02-19,2,2
8434,SLCA,"U.S. Silica Holdings, Inc.",2016-03-29,1,1
8435,PKG,Packaging Corp. of America,2011-10-07,2,2
8436,CIEN,CIENA CORPORATION,2015-04-07,1,1
8437,NSC,NORFOLK SOUTHERN CORPORATION,2014-01-24,2,2
8438,BAX,Baxter International Inc.,2013-06-04,2,2
8439,SANM,Sanmina Corporation,2016-06-09,1,1
8440,BUD,ANHEUSER-BUSCH INBEV SA/NV,2014-01-23,2,2
8441,SMG,Scotts Miracle-Gro Company (The),2016-12-12,1,1
8442,AVT,Avnet Inc.,2012-11-19,2,2
8443,LEE,"Lee Enterprises, Inc.",2016-03-10,1,1
8444,RAD,RITE AID CORPORATION,2013-09-19,1,0
8445,PHI,PLDT Inc.,2012-04-05,1,1
8446,SWK,"STANLEY BLACK & DECKER, INC.",2015-10-29,2,2
8447,BLDR,Builders FirstSource Inc.,2016-08-09,1,1
8448,JCI,Johnson Controls International plc,2014-07-30,2,2
8449,CTAS,CINTAS CORPORATION,2015-01-08,2,2
8450,PEG,Public Service Enterprise Group Inc.,2016-04-15,2,2
8451,SBGI,"SINCLAIR BROADCAST GROUP, INC.",2013-09-30,1,1
8452,CZR,CAESARS ENTERTAINMENT,2014-09-08,0,0
8453,AMAT,"Applied Materials, Inc.",2015-09-21,2,2
8454,AMGN,Amgen Inc.,2015-05-18,2,2
8455,EAT,Brinker International Inc.,2016-09-13,1,2
8456,OEC,Orion Engineered Carbons GmbH,2016-07-14,1,1
8457,NGL,NGL ENERGY PARTNERS LP,2016-10-17,1,1
8458,AMCR,Amcor Ltd.,2016-03-03,2,2
8459,GTN,"Gray Television, Inc.",2012-09-24,0,0
8460,SNA,SNAP-ON INCORPORATED,2014-03-07,2,2
8461,ATO,ATMOS ENERGY CORPORATION,2014-12-10,2,2
8462,BKR,Michael Baker International LLC,2013-10-01,1,2
8463,MDT,Medtronic plc,2015-03-17,2,2
8464,GLW,Corning Inc.,2014-05-14,2,2
8465,GSK,GlaxoSmithKline plc,2013-01-04,2,2
8466,TMS,TMS International Corporation,2014-05-19,1,1
8467,JBL,JABIL INC,2014-06-26,2,2
8468,FCN,FTI Consulting Inc.,2012-11-09,1,1
8469,ETR,Entergy Corporation,2012-06-15,2,2
8470,XRX,XEROX CORPORATION,2014-08-04,1,1
8471,ATI,Allegheny Technologies Incorporated,2015-12-16,1,1
8472,COTY,Coty Inc.,2016-08-18,2,1
8473,X,United States Steel Corporation,2013-03-20,1,1
8474,HII,"Huntington Ingalls Industries, Inc.",2014-11-18,1,1
8475,RCII,Rent-A-Center Inc.,2014-06-03,1,1
8476,INTC,Intel Corp.,2015-05-22,2,2
8477,ASML,ASML Holding N.V.,2013-09-05,2,2
8478,OKE,"ONEOK, INC.",2014-12-08,2,2
8479,AR,Antero Resources Corporation,2015-03-06,1,1
8480,AVY,Avery Dennison Corp.,2016-06-09,2,2
8481,H,Hyatt Hotels Corporation,2016-09-07,2,2
8482,LB,"L Brands, Inc.",2015-01-16,1,2
8483,DRI,"DARDEN RESTAURANTS, INC",2014-04-01,1,1
8484,MHK,Mohawk Industries Inc.,2015-07-31,2,2
8485,FIS,"Fidelity National Information Services, Inc.",2015-10-13,2,2
8486,SCS,Steelcase Inc.,2012-06-15,1,1
8487,ERJ,Embraer Overseas Limited,2016-04-04,2,2
8488,IDCC,"INTERDIGITAL, INC",2014-04-24,2,2
8489,CAH,Cardinal Health Inc.,2016-06-30,2,2
8490,WBA,WALGREENS BOOTS ALLIANCE INC,2013-08-15,2,2
8491,WEC,WEC Energy Group Inc.,2016-01-28,2,2
8492,ROP,"ROPER TECHNOLOGIES, INC",2014-02-05,2,2
8493,PHI,PLDT Inc.,2012-12-20,2,2
8494,SANM,Sanmina Corp.,2015-10-15,1,1
8495,BTE,Baytex Energy Corp,2016-02-03,0,0
8496,WEN,WENDY'S COMPANY,2015-02-03,1,1
8497,NRP,Natural Resource Partners LP,2016-06-01,0,1
8498,MHO,"M/I HOMES, INC",2015-11-03,1,1
8499,OXY,OCCIDENTAL PETROLEUM,2013-12-06,2,2
8500,CCK,"CROWN HOLDINGS, INC",2014-07-23,1,1
8501,CACI,"CACI International, Inc.",2015-08-07,1,1
8502,ITW,Illinois Tool Works Inc.,2016-03-25,2,2
8503,IBA,"Industrias Bachoco, S.A.B. de C.V.",2016-09-09,2,2
8504,MAS,Masco Corporation,2016-03-11,1,1
8505,GOLD,Barrick Gold Corp.,2012-07-30,2,2
8506,UNP,Union Pacific Corp.,2013-12-11,2,2
8507,CZR,CAESARS ENTERTAINMENT,2014-06-05,0,0
8508,TDG,TransDigm Inc.,2013-06-28,0,0
8509,LSXMA,LIBERTY MEDIA CORP.,2015-11-25,1,1
8510,SKM,"SK Telecom Co., Ltd",2012-06-15,2,2
8511,CHDN,Churchill Downs Inc.,2015-12-02,1,1
8512,PKI,"PERKINELMER, INC",2014-11-18,2,2
8513,AR,Antero Resources Corporation,2016-09-27,1,1
8514,ATO,Atmos Energy Corporation,2014-10-06,2,2
8515,LPX,Louisiana-Pacific Corp.,2014-08-11,1,1
8516,OGE,OGE ENERGY CORP.,2013-10-03,2,2
8517,MGM,MGM Resorts International,2012-09-17,1,1
8518,JNPR,"JUNIPER NETWORKS, INC.",2015-04-30,2,2
8519,LNT,Alliant Energy Corporation,2014-01-30,2,2
8520,COMP,Compass Group PLC,2014-02-25,2,2
8521,LVS,Las Vegas Sands LLC,2014-07-30,2,2
8522,BCC,Boise Cascade Company,2012-06-15,0,1
8523,CMI,Cummins Inc.,2013-09-19,2,2
8524,ALK,Alaska Air Group Inc.,2011-07-29,1,1
8525,SBUX,Starbucks Corp.,2011-02-25,2,2
8526,INTC,Intel Corp.,2011-11-21,2,2
8527,GE,General Electric Company,2014-05-14,2,2
8528,XEL,XCEL ENERGY INC.,2015-05-28,2,2
8529,OTTR,OTTER TAIL CORPORATION,2014-04-01,1,1
8530,ENIA,Enel Americas S.A.,2015-12-23,2,2
8531,RCI,Rogers Communications Inc.,2013-02-28,2,2
8532,CVX,CHEVRON CORPORATION,2014-08-14,2,2
8533,AMX,"America Movil, S.A.B. de C.V.",2014-06-03,2,2
8534,NUE,Nucor Corp.,2011-12-13,2,2
8535,GPI,Group 1 Automotive Inc.,2011-12-20,1,1
8536,CRS,CARPENTER TECHNOLOGY,2015-06-05,2,2
8537,JBHT,Hunt (J.B.) Transport Services Inc.,2011-07-25,2,2
8538,BSX,BOSTON SCIENTIFIC CORPORATION,2014-10-28,1,1
8539,STZ,"CONSTELLATION BRANDS, INC",2013-09-10,1,1
8540,CCLP,CSI Compressco LP,2015-03-19,1,1
8541,PDS,Precision Drilling Corporation,2016-03-03,1,1
8542,TAC,TransAlta Corp.,2015-09-30,1,2
8543,SBGI,Sinclair Broadcast Group Inc.,2011-08-29,1,1
8544,SWK,"Stanley Black & Decker, Inc.",2012-11-01,2,2
8545,KSS,Kohl's Corporation,2013-09-06,2,2
8546,EFX,EQUIFAX INC,2015-04-30,2,2
8547,EPD,ENTERPRISE PRODUCTS PARTNERS,2013-12-02,2,2
8548,TRI,Thomson Reuters Corp.,2014-04-24,2,2
8549,OMC,OMNICOM GROUP INC,2015-06-15,2,2
8550,BAX,Baxter International Inc.,2014-10-23,2,2
8551,BWA,BORGWARNER INC,2015-08-11,2,2
8552,CVX,Chevron Corporation,2015-02-24,2,2
8553,KMB,KIMBERLY-CLARK CORPORATION,2013-07-23,2,2
8554,EC,Ecopetrol S.A.,2011-03-18,2,2
8555,GPI,Group 1 Automotive Inc.,2016-10-21,1,1
8556,UNP,Union Pacific Corporation,2016-08-02,2,2
8557,THC,Tenet Healthcare Corp.,2015-07-08,0,0
8558,DNR,Denbury Resources Inc.,2016-02-09,1,1
8559,MTH,Meritage Homes Corporation,2012-04-16,1,1
8560,ROCK,"Gibraltar Industries, Inc.",2015-01-28,1,1
8561,ALE,ALLETE Inc.,2015-01-30,2,2
8562,WOR,Worthington Industries Inc.,2011-06-29,2,2
8563,CRS,Carpenter Technology Corp.,2010-12-20,2,2
8564,AVY,Avery Dennison Corp.,2012-01-05,2,2
8565,CCU,iHeartCommunications Inc.,2016-06-14,0,0
8566,MHK,Mohawk Industries Inc.,2014-02-21,2,2
8567,KEP,Korea Electric Power Corporation,2015-07-03,2,2
8568,JNJ,JOHNSON & JOHNSON,2014-01-16,2,2
8569,PSX,PHILLIPS 66,2015-08-31,2,2
8570,LEN,Lennar Corporation,2012-10-18,1,1
8571,SJR,SHAW COMMUNICATIONS INC. CLASS,2015-04-17,2,2
8572,HCA,"HCA Healthcare, Inc.",2015-01-13,1,1
8573,TKC,Turkcell Iletisim Hizmetleri A.S.,2016-07-22,2,2
8574,CPB,CAMPBELL SOUP COMPANY,2015-10-02,2,2
8575,CLMT,"Calumet Specialty Products Partners, L.P.",2012-06-15,1,1
8576,JBHT,Hunt (J.B.) Transport Services Inc.,2014-07-17,2,2
8577,GSK,GlaxoSmithKline Capital Plc,2014-11-28,2,2
8578,EXPE,"EXPEDIA, INC.",2013-08-22,2,2
8579,SYK,Stryker Corporation,2012-06-15,2,2
8580,HOV,"Hovnanian Enterprises, Inc.",2013-08-01,0,0
8581,BG,Bunge Limited,2015-11-27,2,1
8582,ROK,"ROCKWELL AUTOMATION, INC",2014-08-12,2,2
8583,CCEP,"Coca-cola European Partners US, LLC",2015-03-11,2,2
8584,CSX,CSX CORPORATION,2014-01-17,2,2
8585,RRC,Range Resources Corp.,2015-05-15,1,1
8586,GPS,"GAP, INC",2014-12-19,2,2
8587,OKE,"ONEOK, INC.",2015-11-20,2,2
8588,ALE,ALLETE Inc.,2015-04-29,2,2
8589,THC,Tenet Healthcare Corp.,2012-07-16,0,0
8590,CNC,Centene Corporation,2012-11-02,1,1
8591,CVS,CVS Health,2014-08-07,2,2
8592,EQT,EQT Corporation,2015-05-11,2,2
8593,DAN,DANA INCORPORATED,2015-04-30,2,2
8594,SR,Spire Inc.,2014-06-23,2,2
8595,PAA,Plains All American Pipeline L.P.,2015-12-31,2,2
8596,ADI,"Analog Devices, Inc.",2015-12-03,2,2
8597,CRK,"Comstock Resources, Inc.",2016-10-24,1,0
8598,ALGT,Allegiant Travel Company,2016-11-30,1,1
8599,VALE,Vale S.A.,2015-08-05,2,2
8600,CVS,CVS HEALTH CORPORATION,2015-03-03,2,2
8601,RAD,Rite Aid Corporation,2014-04-17,1,1
8602,BWA,BorgWarner Inc.,2012-06-15,2,2
8603,PPC,PILGRIM'S PRIDE CORPORATION,2014-03-19,1,1
8604,INSW,INTERNATIONAL SPEEDWAY,2015-02-03,2,2
8605,BTU,PEABODY ENERGY CORPORATION,2014-10-22,0,0
8606,NUE,NUCOR CORPORATION,2015-02-03,2,2
8607,JBLU,JetBlue Airways Corporation,2014-11-24,1,1
8608,NSC,NORFOLK SOUTHERN CORPORATION,2014-08-01,2,2
8609,GFI,Gold Fields Limited,2012-12-06,1,2
8610,AMX,America Movil S.A.B. de C.V.,2012-07-25,2,2
8611,RSG,"REPUBLIC SERVICES, INC",2015-04-27,2,2
8612,MMP,"MAGELLAN MIDSTREAM PARTNERS,",2014-06-20,2,2
8613,MRO,MARATHON OIL CORPORATION,2014-12-10,2,2
