ticker,company_name,rating_date,sector,test_index,rank,model_key,model_label,predicted_class_id,predicted_class,predicted_probability,explained_class_id,explained_class,explained_class_model_probability,feature,feature_value,gradientshap_attribution,direction,feature_source,probability_source,xai_probability_source,xai_method,gradientshap_method,proxy_mse,proxy_argmax_agreement
BC,Brunswick Corporation,2016-06-22,5,210,1,tcn,TCN,0,0,0.9369651971914029,0,0,0.9369651971914029,free_cashflow_ps,6.379245281219482,0.41458508372306824,supports_explained_class,original_financial_sequence_mean,test_proba,test_proba,expected_gradients_fallback,expected_gradients_fallback: ModuleNotFoundError,0.05167219849374914,0.8485200232153222
BC,Brunswick Corporation,2016-06-22,5,210,2,tcn,TCN,0,0,0.9369651971914029,0,0,0.9369651971914029,operating_cashflow_ps,2.9415857791900635,-0.30197444558143616,opposes_explained_class,original_financial_sequence_mean,test_proba,test_proba,expected_gradients_fallback,expected_gradients_fallback: ModuleNotFoundError,0.05167219849374914,0.8485200232153222
BC,Brunswick Corporation,2016-06-22,5,210,3,tcn,TCN,0,0,0.9369651971914029,0,0,0.9369651971914029,operating_profit_margin,-1.2214301824569702,0.1367296278476715,supports_explained_class,original_financial_sequence_mean,test_proba,test_proba,expected_gradients_fallback,expected_gradients_fallback: ModuleNotFoundError,0.05167219849374914,0.8485200232153222
BC,Brunswick Corporation,2016-06-22,5,210,4,tcn,TCN,0,0,0.9369651971914029,0,0,0.9369651971914029,roe,-0.6474947333335876,-0.09351999312639236,opposes_explained_class,original_financial_sequence_mean,test_proba,test_proba,expected_gradients_fallback,expected_gradients_fallback: ModuleNotFoundError,0.05167219849374914,0.8485200232153222
BC,Brunswick Corporation,2016-06-22,5,210,5,tcn,TCN,0,0,0.9369651971914029,0,0,0.9369651971914029,asset_turnover,-0.4394264817237854,0.06712363660335541,supports_explained_class,original_financial_sequence_mean,test_proba,test_proba,expected_gradients_fallback,expected_gradients_fallback: ModuleNotFoundError,0.05167219849374914,0.8485200232153222
BC,Brunswick Corporation,2016-06-22,5,210,6,tcn,TCN,0,0,0.9369651971914029,0,0,0.9369651971914029,ebit_margin,-1.280383586883545,0.06699708104133606,supports_explained_class,original_financial_sequence_mean,test_proba,test_proba,expected_gradients_fallback,expected_gradients_fallback: ModuleNotFoundError,0.05167219849374914,0.8485200232153222
BC,Brunswick Corporation,2016-06-22,5,210,7,tcn,TCN,0,0,0.9369651971914029,0,0,0.9369651971914029,pretax_profit_margin,-1.4275678396224976,0.045157868415117264,supports_explained_class,original_financial_sequence_mean,test_proba,test_proba,expected_gradients_fallback,expected_gradients_fallback: ModuleNotFoundError,0.05167219849374914,0.8485200232153222
BC,Brunswick Corporation,2016-06-22,5,210,8,tcn,TCN,0,0,0.9369651971914029,0,0,0.9369651971914029,debt_equity_ratio,0.9251257181167603,-0.039312250912189484,opposes_explained_class,original_financial_sequence_mean,test_proba,test_proba,expected_gradients_fallback,expected_gradients_fallback: ModuleNotFoundError,0.05167219849374914,0.8485200232153222
BC,Brunswick Corporation,2016-06-22,5,210,9,tcn,TCN,0,0,0.9369651971914029,0,0,0.9369651971914029,gross_profit_margin,-0.9514230489730835,0.02815808542072773,supports_explained_class,original_financial_sequence_mean,test_proba,test_proba,expected_gradients_fallback,expected_gradients_fallback: ModuleNotFoundError,0.05167219849374914,0.8485200232153222
BC,Brunswick Corporation,2016-06-22,5,210,10,tcn,TCN,0,0,0.9369651971914029,0,0,0.9369651971914029,net_profit_margin,-1.3641929626464844,0.00970424897968769,supports_explained_class,original_financial_sequence_mean,test_proba,test_proba,expected_gradients_fallback,expected_gradients_fallback: ModuleNotFoundError,0.05167219849374914,0.8485200232153222
BC,Brunswick Corporation,2016-06-22,5,210,1,tcn,TCN,0,0,0.9369651971914029,1,1,0.04429209000052051,pretax_profit_margin,-1.4275678396224976,0.9835981726646423,supports_explained_class,original_financial_sequence_mean,test_proba,test_proba,expected_gradients_fallback,expected_gradients_fallback: ModuleNotFoundError,0.05167219849374914,0.8485200232153222
BC,Brunswick Corporation,2016-06-22,5,210,2,tcn,TCN,0,0,0.9369651971914029,1,1,0.04429209000052051,operating_profit_margin,-1.2214301824569702,-0.6838592886924744,opposes_explained_class,original_financial_sequence_mean,test_proba,test_proba,expected_gradients_fallback,expected_gradients_fallback: ModuleNotFoundError,0.05167219849374914,0.8485200232153222
BC,Brunswick Corporation,2016-06-22,5,210,3,tcn,TCN,0,0,0.9369651971914029,1,1,0.04429209000052051,operating_cashflow_ps,2.9415857791900635,0.2884615361690521,supports_explained_class,original_financial_sequence_mean,test_proba,test_proba,expected_gradients_fallback,expected_gradients_fallback: ModuleNotFoundError,0.05167219849374914,0.8485200232153222
BC,Brunswick Corporation,2016-06-22,5,210,4,tcn,TCN,0,0,0.9369651971914029,1,1,0.04429209000052051,free_cashflow_ps,6.379245281219482,-0.23622287809848785,opposes_explained_class,original_financial_sequence_mean,test_proba,test_proba,expected_gradients_fallback,expected_gradients_fallback: ModuleNotFoundError,0.05167219849374914,0.8485200232153222
BC,Brunswick Corporation,2016-06-22,5,210,5,tcn,TCN,0,0,0.9369651971914029,1,1,0.04429209000052051,roe,-0.6474947333335876,-0.1742081195116043,opposes_explained_class,original_financial_sequence_mean,test_proba,test_proba,expected_gradients_fallback,expected_gradients_fallback: ModuleNotFoundError,0.05167219849374914,0.8485200232153222
BC,Brunswick Corporation,2016-06-22,5,210,6,tcn,TCN,0,0,0.9369651971914029,1,1,0.04429209000052051,roa,-0.8850814700126648,0.08225652575492859,supports_explained_class,original_financial_sequence_mean,test_proba,test_proba,expected_gradients_fallback,expected_gradients_fallback: ModuleNotFoundError,0.05167219849374914,0.8485200232153222
BC,Brunswick Corporation,2016-06-22,5,210,7,tcn,TCN,0,0,0.9369651971914029,1,1,0.04429209000052051,ebit_margin,-1.280383586883545,0.07597187906503677,supports_explained_class,original_financial_sequence_mean,test_proba,test_proba,expected_gradients_fallback,expected_gradients_fallback: ModuleNotFoundError,0.05167219849374914,0.8485200232153222
BC,Brunswick Corporation,2016-06-22,5,210,8,tcn,TCN,0,0,0.9369651971914029,1,1,0.04429209000052051,asset_turnover,-0.4394264817237854,-0.05594732612371445,opposes_explained_class,original_financial_sequence_mean,test_proba,test_proba,expected_gradients_fallback,expected_gradients_fallback: ModuleNotFoundError,0.05167219849374914,0.8485200232153222
BC,Brunswick Corporation,2016-06-22,5,210,9,tcn,TCN,0,0,0.9369651971914029,1,1,0.04429209000052051,net_profit_margin,-1.3641929626464844,-0.04673882573843002,opposes_explained_class,original_financial_sequence_mean,test_proba,test_proba,expected_gradients_fallback,expected_gradients_fallback: ModuleNotFoundError,0.05167219849374914,0.8485200232153222
BC,Brunswick Corporation,2016-06-22,5,210,10,tcn,TCN,0,0,0.9369651971914029,1,1,0.04429209000052051,debt_equity_ratio,0.9251257181167603,-0.029022814705967903,opposes_explained_class,original_financial_sequence_mean,test_proba,test_proba,expected_gradients_fallback,expected_gradients_fallback: ModuleNotFoundError,0.05167219849374914,0.8485200232153222
BC,Brunswick Corporation,2016-06-22,5,210,1,tcn,TCN,0,0,0.9369651971914029,2,2,0.01874271280807651,pretax_profit_margin,-1.4275678396224976,-0.9146806597709656,opposes_explained_class,original_financial_sequence_mean,test_proba,test_proba,expected_gradients_fallback,expected_gradients_fallback: ModuleNotFoundError,0.05167219849374914,0.8485200232153222
BC,Brunswick Corporation,2016-06-22,5,210,2,tcn,TCN,0,0,0.9369651971914029,2,2,0.01874271280807651,operating_profit_margin,-1.2214301824569702,0.4369870126247406,supports_explained_class,original_financial_sequence_mean,test_proba,test_proba,expected_gradients_fallback,expected_gradients_fallback: ModuleNotFoundError,0.05167219849374914,0.8485200232153222
BC,Brunswick Corporation,2016-06-22,5,210,3,tcn,TCN,0,0,0.9369651971914029,2,2,0.01874271280807651,roe,-0.6474947333335876,0.2943497598171234,supports_explained_class,original_financial_sequence_mean,test_proba,test_proba,expected_gradients_fallback,expected_gradients_fallback: ModuleNotFoundError,0.05167219849374914,0.8485200232153222
BC,Brunswick Corporation,2016-06-22,5,210,4,tcn,TCN,0,0,0.9369651971914029,2,2,0.01874271280807651,ebit_margin,-1.280383586883545,-0.15329355001449585,opposes_explained_class,original_financial_sequence_mean,test_proba,test_proba,expected_gradients_fallback,expected_gradients_fallback: ModuleNotFoundError,0.05167219849374914,0.8485200232153222
BC,Brunswick Corporation,2016-06-22,5,210,5,tcn,TCN,0,0,0.9369651971914029,2,2,0.01874271280807651,net_profit_margin,-1.3641929626464844,0.06791127473115921,supports_explained_class,original_financial_sequence_mean,test_proba,test_proba,expected_gradients_fallback,expected_gradients_fallback: ModuleNotFoundError,0.05167219849374914,0.8485200232153222
BC,Brunswick Corporation,2016-06-22,5,210,6,tcn,TCN,0,0,0.9369651971914029,2,2,0.01874271280807651,debt_equity_ratio,0.9251257181167603,0.057577524334192276,supports_explained_class,original_financial_sequence_mean,test_proba,test_proba,expected_gradients_fallback,expected_gradients_fallback: ModuleNotFoundError,0.05167219849374914,0.8485200232153222
BC,Brunswick Corporation,2016-06-22,5,210,7,tcn,TCN,0,0,0.9369651971914029,2,2,0.01874271280807651,roa,-0.8850814700126648,-0.042444322258234024,opposes_explained_class,original_financial_sequence_mean,test_proba,test_proba,expected_gradients_fallback,expected_gradients_fallback: ModuleNotFoundError,0.05167219849374914,0.8485200232153222
BC,Brunswick Corporation,2016-06-22,5,210,8,tcn,TCN,0,0,0.9369651971914029,2,2,0.01874271280807651,free_cashflow_ps,6.379245281219482,-0.025682726874947548,opposes_explained_class,original_financial_sequence_mean,test_proba,test_proba,expected_gradients_fallback,expected_gradients_fallback: ModuleNotFoundError,0.05167219849374914,0.8485200232153222
BC,Brunswick Corporation,2016-06-22,5,210,9,tcn,TCN,0,0,0.9369651971914029,2,2,0.01874271280807651,gross_profit_margin,-0.9514230489730835,-0.02093549072742462,opposes_explained_class,original_financial_sequence_mean,test_proba,test_proba,expected_gradients_fallback,expected_gradients_fallback: ModuleNotFoundError,0.05167219849374914,0.8485200232153222
BC,Brunswick Corporation,2016-06-22,5,210,10,tcn,TCN,0,0,0.9369651971914029,2,2,0.01874271280807651,operating_cashflow_ps,2.9415857791900635,-0.020501280203461647,opposes_explained_class,original_financial_sequence_mean,test_proba,test_proba,expected_gradients_fallback,expected_gradients_fallback: ModuleNotFoundError,0.05167219849374914,0.8485200232153222
CHDN,Churchill Downs Inc.,2015-12-02,4,1620,1,tcn,TCN,1,1,0.9815649039149016,0,0,0.010454584808854202,roe,-4.506278872489929,-0.061193522065877914,opposes_explained_class,original_financial_sequence_mean,test_proba,test_proba,expected_gradients_fallback,expected_gradients_fallback: ModuleNotFoundError,0.05167219849374914,0.8485200232153222
CHDN,Churchill Downs Inc.,2015-12-02,4,1620,2,tcn,TCN,1,1,0.9815649039149016,0,0,0.010454584808854202,pretax_profit_margin,0.022576638497412205,0.0495002456009388,supports_explained_class,original_financial_sequence_mean,test_proba,test_proba,expected_gradients_fallback,expected_gradients_fallback: ModuleNotFoundError,0.05167219849374914,0.8485200232153222
CHDN,Churchill Downs Inc.,2015-12-02,4,1620,3,tcn,TCN,1,1,0.9815649039149016,0,0,0.010454584808854202,debt_equity_ratio,-9.846749305725098,0.04549232870340347,supports_explained_class,original_financial_sequence_mean,test_proba,test_proba,expected_gradients_fallback,expected_gradients_fallback: ModuleNotFoundError,0.05167219849374914,0.8485200232153222
CHDN,Churchill Downs Inc.,2015-12-02,4,1620,4,tcn,TCN,1,1,0.9815649039149016,0,0,0.010454584808854202,operating_profit_margin,0.3139689341187477,-0.03255198523402214,opposes_explained_class,original_financial_sequence_mean,test_proba,test_proba,expected_gradients_fallback,expected_gradients_fallback: ModuleNotFoundError,0.05167219849374914,0.8485200232153222
CHDN,Churchill Downs Inc.,2015-12-02,4,1620,5,tcn,TCN,1,1,0.9815649039149016,0,0,0.010454584808854202,asset_turnover,0.7446936964988708,-0.021929483860731125,opposes_explained_class,original_financial_sequence_mean,test_proba,test_proba,expected_gradients_fallback,expected_gradients_fallback: ModuleNotFoundError,0.05167219849374914,0.8485200232153222
CHDN,Churchill Downs Inc.,2015-12-02,4,1620,6,tcn,TCN,1,1,0.9815649039149016,0,0,0.010454584808854202,ebit_margin,0.4219745546579361,-0.02039739489555359,opposes_explained_class,original_financial_sequence_mean,test_proba,test_proba,expected_gradients_fallback,expected_gradients_fallback: ModuleNotFoundError,0.05167219849374914,0.8485200232153222
CHDN,Churchill Downs Inc.,2015-12-02,4,1620,7,tcn,TCN,1,1,0.9815649039149016,0,0,0.010454584808854202,free_cashflow_ps,-0.20535764284431934,0.012827622704207897,supports_explained_class,original_financial_sequence_mean,test_proba,test_proba,expected_gradients_fallback,expected_gradients_fallback: ModuleNotFoundError,0.05167219849374914,0.8485200232153222
CHDN,Churchill Downs Inc.,2015-12-02,4,1620,8,tcn,TCN,1,1,0.9815649039149016,0,0,0.010454584808854202,roa,0.024583096150308847,-0.012475860305130482,opposes_explained_class,original_financial_sequence_mean,test_proba,test_proba,expected_gradients_fallback,expected_gradients_fallback: ModuleNotFoundError,0.05167219849374914,0.8485200232153222
CHDN,Churchill Downs Inc.,2015-12-02,4,1620,9,tcn,TCN,1,1,0.9815649039149016,0,0,0.010454584808854202,gross_profit_margin,-0.560794323682785,0.002019489649683237,supports_explained_class,original_financial_sequence_mean,test_proba,test_proba,expected_gradients_fallback,expected_gradients_fallback: ModuleNotFoundError,0.05167219849374914,0.8485200232153222
CHDN,Churchill Downs Inc.,2015-12-02,4,1620,10,tcn,TCN,1,1,0.9815649039149016,0,0,0.010454584808854202,net_profit_margin,-0.043353842629585415,-0.0016622788971289992,opposes_explained_class,original_financial_sequence_mean,test_proba,test_proba,expected_gradients_fallback,expected_gradients_fallback: ModuleNotFoundError,0.05167219849374914,0.8485200232153222
CHDN,Churchill Downs Inc.,2015-12-02,4,1620,1,tcn,TCN,1,1,0.9815649039149016,1,1,0.9815649039149016,debt_equity_ratio,-9.846749305725098,0.6105355620384216,supports_explained_class,original_financial_sequence_mean,test_proba,test_proba,expected_gradients_fallback,expected_gradients_fallback: ModuleNotFoundError,0.05167219849374914,0.8485200232153222
CHDN,Churchill Downs Inc.,2015-12-02,4,1620,2,tcn,TCN,1,1,0.9815649039149016,1,1,0.9815649039149016,net_profit_margin,-0.043353842629585415,0.11001439392566681,supports_explained_class,original_financial_sequence_mean,test_proba,test_proba,expected_gradients_fallback,expected_gradients_fallback: ModuleNotFoundError,0.05167219849374914,0.8485200232153222
CHDN,Churchill Downs Inc.,2015-12-02,4,1620,3,tcn,TCN,1,1,0.9815649039149016,1,1,0.9815649039149016,roe,-4.506278872489929,-0.07001447677612305,opposes_explained_class,original_financial_sequence_mean,test_proba,test_proba,expected_gradients_fallback,expected_gradients_fallback: ModuleNotFoundError,0.05167219849374914,0.8485200232153222
CHDN,Churchill Downs Inc.,2015-12-02,4,1620,4,tcn,TCN,1,1,0.9815649039149016,1,1,0.9815649039149016,current_ratio,0.46975886821746826,0.045762863010168076,supports_explained_class,original_financial_sequence_mean,test_proba,test_proba,expected_gradients_fallback,expected_gradients_fallback: ModuleNotFoundError,0.05167219849374914,0.8485200232153222
CHDN,Churchill Downs Inc.,2015-12-02,4,1620,5,tcn,TCN,1,1,0.9815649039149016,1,1,0.9815649039149016,operating_cashflow_ps,-0.4763597622513771,0.0420590415596962,supports_explained_class,original_financial_sequence_mean,test_proba,test_proba,expected_gradients_fallback,expected_gradients_fallback: ModuleNotFoundError,0.05167219849374914,0.8485200232153222
CHDN,Churchill Downs Inc.,2015-12-02,4,1620,6,tcn,TCN,1,1,0.9815649039149016,1,1,0.9815649039149016,ebit_margin,0.4219745546579361,0.04198424145579338,supports_explained_class,original_financial_sequence_mean,test_proba,test_proba,expected_gradients_fallback,expected_gradients_fallback: ModuleNotFoundError,0.05167219849374914,0.8485200232153222
CHDN,Churchill Downs Inc.,2015-12-02,4,1620,7,tcn,TCN,1,1,0.9815649039149016,1,1,0.9815649039149016,roa,0.024583096150308847,-0.02717677876353264,opposes_explained_class,original_financial_sequence_mean,test_proba,test_proba,expected_gradients_fallback,expected_gradients_fallback: ModuleNotFoundError,0.05167219849374914,0.8485200232153222
CHDN,Churchill Downs Inc.,2015-12-02,4,1620,8,tcn,TCN,1,1,0.9815649039149016,1,1,0.9815649039149016,pretax_profit_margin,0.022576638497412205,0.026642804965376854,supports_explained_class,original_financial_sequence_mean,test_proba,test_proba,expected_gradients_fallback,expected_gradients_fallback: ModuleNotFoundError,0.05167219849374914,0.8485200232153222
CHDN,Churchill Downs Inc.,2015-12-02,4,1620,9,tcn,TCN,1,1,0.9815649039149016,1,1,0.9815649039149016,gross_profit_margin,-0.560794323682785,0.02012215554714203,supports_explained_class,original_financial_sequence_mean,test_proba,test_proba,expected_gradients_fallback,expected_gradients_fallback: ModuleNotFoundError,0.05167219849374914,0.8485200232153222
CHDN,Churchill Downs Inc.,2015-12-02,4,1620,10,tcn,TCN,1,1,0.9815649039149016,1,1,0.9815649039149016,asset_turnover,0.7446936964988708,-0.00821857899427414,opposes_explained_class,original_financial_sequence_mean,test_proba,test_proba,expected_gradients_fallback,expected_gradients_fallback: ModuleNotFoundError,0.05167219849374914,0.8485200232153222
CHDN,Churchill Downs Inc.,2015-12-02,4,1620,1,tcn,TCN,1,1,0.9815649039149016,2,2,0.007980511276244221,debt_equity_ratio,-9.846749305725098,-0.3972858488559723,opposes_explained_class,original_financial_sequence_mean,test_proba,test_proba,expected_gradients_fallback,expected_gradients_fallback: ModuleNotFoundError,0.05167219849374914,0.8485200232153222
CHDN,Churchill Downs Inc.,2015-12-02,4,1620,2,tcn,TCN,1,1,0.9815649039149016,2,2,0.007980511276244221,roe,-4.506278872489929,0.1472427248954773,supports_explained_class,original_financial_sequence_mean,test_proba,test_proba,expected_gradients_fallback,expected_gradients_fallback: ModuleNotFoundError,0.05167219849374914,0.8485200232153222
CHDN,Churchill Downs Inc.,2015-12-02,4,1620,3,tcn,TCN,1,1,0.9815649039149016,2,2,0.007980511276244221,net_profit_margin,-0.043353842629585415,-0.080405592918396,opposes_explained_class,original_financial_sequence_mean,test_proba,test_proba,expected_gradients_fallback,expected_gradients_fallback: ModuleNotFoundError,0.05167219849374914,0.8485200232153222
CHDN,Churchill Downs Inc.,2015-12-02,4,1620,4,tcn,TCN,1,1,0.9815649039149016,2,2,0.007980511276244221,pretax_profit_margin,0.022576638497412205,-0.05569932609796524,opposes_explained_class,original_financial_sequence_mean,test_proba,test_proba,expected_gradients_fallback,expected_gradients_fallback: ModuleNotFoundError,0.05167219849374914,0.8485200232153222
CHDN,Churchill Downs Inc.,2015-12-02,4,1620,5,tcn,TCN,1,1,0.9815649039149016,2,2,0.007980511276244221,current_ratio,0.46975886821746826,-0.03942098096013069,opposes_explained_class,original_financial_sequence_mean,test_proba,test_proba,expected_gradients_fallback,expected_gradients_fallback: ModuleNotFoundError,0.05167219849374914,0.8485200232153222
CHDN,Churchill Downs Inc.,2015-12-02,4,1620,6,tcn,TCN,1,1,0.9815649039149016,2,2,0.007980511276244221,gross_profit_margin,-0.560794323682785,-0.03478339686989784,opposes_explained_class,original_financial_sequence_mean,test_proba,test_proba,expected_gradients_fallback,expected_gradients_fallback: ModuleNotFoundError,0.05167219849374914,0.8485200232153222
CHDN,Churchill Downs Inc.,2015-12-02,4,1620,7,tcn,TCN,1,1,0.9815649039149016,2,2,0.007980511276244221,ebit_margin,0.4219745546579361,-0.03360600396990776,opposes_explained_class,original_financial_sequence_mean,test_proba,test_proba,expected_gradients_fallback,expected_gradients_fallback: ModuleNotFoundError,0.05167219849374914,0.8485200232153222
CHDN,Churchill Downs Inc.,2015-12-02,4,1620,8,tcn,TCN,1,1,0.9815649039149016,2,2,0.007980511276244221,operating_cashflow_ps,-0.4763597622513771,-0.032363150268793106,opposes_explained_class,original_financial_sequence_mean,test_proba,test_proba,expected_gradients_fallback,expected_gradients_fallback: ModuleNotFoundError,0.05167219849374914,0.8485200232153222
CHDN,Churchill Downs Inc.,2015-12-02,4,1620,9,tcn,TCN,1,1,0.9815649039149016,2,2,0.007980511276244221,operating_profit_margin,0.3139689341187477,0.008662411011755466,supports_explained_class,original_financial_sequence_mean,test_proba,test_proba,expected_gradients_fallback,expected_gradients_fallback: ModuleNotFoundError,0.05167219849374914,0.8485200232153222
CHDN,Churchill Downs Inc.,2015-12-02,4,1620,10,tcn,TCN,1,1,0.9815649039149016,2,2,0.007980511276244221,roa,0.024583096150308847,0.005333269946277142,supports_explained_class,original_financial_sequence_mean,test_proba,test_proba,expected_gradients_fallback,expected_gradients_fallback: ModuleNotFoundError,0.05167219849374914,0.8485200232153222
TAK,Takeda Pharmaceutical Company Limited,2012-06-15,7,499,1,tcn,TCN,2,2,0.9737594841596422,0,0,0.008543574354673239,pretax_profit_margin,2.311098098754883,-0.028360778465867043,opposes_explained_class,original_financial_sequence_mean,test_proba,test_proba,expected_gradients_fallback,expected_gradients_fallback: ModuleNotFoundError,0.05167219849374914,0.8485200232153222
TAK,Takeda Pharmaceutical Company Limited,2012-06-15,7,499,2,tcn,TCN,2,2,0.9737594841596422,0,0,0.008543574354673239,asset_turnover,-0.6618466973304749,0.009826606139540672,supports_explained_class,original_financial_sequence_mean,test_proba,test_proba,expected_gradients_fallback,expected_gradients_fallback: ModuleNotFoundError,0.05167219849374914,0.8485200232153222
TAK,Takeda Pharmaceutical Company Limited,2012-06-15,7,499,3,tcn,TCN,2,2,0.9737594841596422,0,0,0.008543574354673239,net_profit_margin,2.71138596534729,-0.006312011741101742,opposes_explained_class,original_financial_sequence_mean,test_proba,test_proba,expected_gradients_fallback,expected_gradients_fallback: ModuleNotFoundError,0.05167219849374914,0.8485200232153222
TAK,Takeda Pharmaceutical Company Limited,2012-06-15,7,499,4,tcn,TCN,2,2,0.9737594841596422,0,0,0.008543574354673239,debt_equity_ratio,-1.6716482639312744,-0.005718893837183714,opposes_explained_class,original_financial_sequence_mean,test_proba,test_proba,expected_gradients_fallback,expected_gradients_fallback: ModuleNotFoundError,0.05167219849374914,0.8485200232153222
TAK,Takeda Pharmaceutical Company Limited,2012-06-15,7,499,5,tcn,TCN,2,2,0.9737594841596422,0,0,0.008543574354673239,operating_profit_margin,0.986193835735321,0.003923484124243259,supports_explained_class,original_financial_sequence_mean,test_proba,test_proba,expected_gradients_fallback,expected_gradients_fallback: ModuleNotFoundError,0.05167219849374914,0.8485200232153222
TAK,Takeda Pharmaceutical Company Limited,2012-06-15,7,499,6,tcn,TCN,2,2,0.9737594841596422,0,0,0.008543574354673239,roa,1.5926270484924316,-0.0037902810145169497,opposes_explained_class,original_financial_sequence_mean,test_proba,test_proba,expected_gradients_fallback,expected_gradients_fallback: ModuleNotFoundError,0.05167219849374914,0.8485200232153222
TAK,Takeda Pharmaceutical Company Limited,2012-06-15,7,499,7,tcn,TCN,2,2,0.9737594841596422,0,0,0.008543574354673239,ebit_margin,1.1672970056533813,-0.0030576272401958704,opposes_explained_class,original_financial_sequence_mean,test_proba,test_proba,expected_gradients_fallback,expected_gradients_fallback: ModuleNotFoundError,0.05167219849374914,0.8485200232153222
TAK,Takeda Pharmaceutical Company Limited,2012-06-15,7,499,8,tcn,TCN,2,2,0.9737594841596422,0,0,0.008543574354673239,free_cashflow_ps,-0.05751011148095131,0.00246041058562696,supports_explained_class,original_financial_sequence_mean,test_proba,test_proba,expected_gradients_fallback,expected_gradients_fallback: ModuleNotFoundError,0.05167219849374914,0.8485200232153222
TAK,Takeda Pharmaceutical Company Limited,2012-06-15,7,499,9,tcn,TCN,2,2,0.9737594841596422,0,0,0.008543574354673239,roe,0.5087252855300903,0.0024569137021899223,supports_explained_class,original_financial_sequence_mean,test_proba,test_proba,expected_gradients_fallback,expected_gradients_fallback: ModuleNotFoundError,0.05167219849374914,0.8485200232153222
TAK,Takeda Pharmaceutical Company Limited,2012-06-15,7,499,10,tcn,TCN,2,2,0.9737594841596422,0,0,0.008543574354673239,gross_profit_margin,1.5297609567642212,-0.0019104009261354804,opposes_explained_class,original_financial_sequence_mean,test_proba,test_proba,expected_gradients_fallback,expected_gradients_fallback: ModuleNotFoundError,0.05167219849374914,0.8485200232153222
TAK,Takeda Pharmaceutical Company Limited,2012-06-15,7,499,1,tcn,TCN,2,2,0.9737594841596422,1,1,0.017696941485684587,pretax_profit_margin,2.311098098754883,-0.1776154488325119,opposes_explained_class,original_financial_sequence_mean,test_proba,test_proba,expected_gradients_fallback,expected_gradients_fallback: ModuleNotFoundError,0.05167219849374914,0.8485200232153222
TAK,Takeda Pharmaceutical Company Limited,2012-06-15,7,499,2,tcn,TCN,2,2,0.9737594841596422,1,1,0.017696941485684587,net_profit_margin,2.71138596534729,-0.12304762750864029,opposes_explained_class,original_financial_sequence_mean,test_proba,test_proba,expected_gradients_fallback,expected_gradients_fallback: ModuleNotFoundError,0.05167219849374914,0.8485200232153222
TAK,Takeda Pharmaceutical Company Limited,2012-06-15,7,499,3,tcn,TCN,2,2,0.9737594841596422,1,1,0.017696941485684587,operating_profit_margin,0.986193835735321,0.08630099892616272,supports_explained_class,original_financial_sequence_mean,test_proba,test_proba,expected_gradients_fallback,expected_gradients_fallback: ModuleNotFoundError,0.05167219849374914,0.8485200232153222
TAK,Takeda Pharmaceutical Company Limited,2012-06-15,7,499,4,tcn,TCN,2,2,0.9737594841596422,1,1,0.017696941485684587,debt_equity_ratio,-1.6716482639312744,-0.06640461832284927,opposes_explained_class,original_financial_sequence_mean,test_proba,test_proba,expected_gradients_fallback,expected_gradients_fallback: ModuleNotFoundError,0.05167219849374914,0.8485200232153222
TAK,Takeda Pharmaceutical Company Limited,2012-06-15,7,499,5,tcn,TCN,2,2,0.9737594841596422,1,1,0.017696941485684587,asset_turnover,-0.6618466973304749,0.05247816443443298,supports_explained_class,original_financial_sequence_mean,test_proba,test_proba,expected_gradients_fallback,expected_gradients_fallback: ModuleNotFoundError,0.05167219849374914,0.8485200232153222
TAK,Takeda Pharmaceutical Company Limited,2012-06-15,7,499,6,tcn,TCN,2,2,0.9737594841596422,1,1,0.017696941485684587,gross_profit_margin,1.5297609567642212,-0.029544565826654434,opposes_explained_class,original_financial_sequence_mean,test_proba,test_proba,expected_gradients_fallback,expected_gradients_fallback: ModuleNotFoundError,0.05167219849374914,0.8485200232153222
TAK,Takeda Pharmaceutical Company Limited,2012-06-15,7,499,7,tcn,TCN,2,2,0.9737594841596422,1,1,0.017696941485684587,free_cashflow_ps,-0.05751011148095131,-0.018425211310386658,opposes_explained_class,original_financial_sequence_mean,test_proba,test_proba,expected_gradients_fallback,expected_gradients_fallback: ModuleNotFoundError,0.05167219849374914,0.8485200232153222
TAK,Takeda Pharmaceutical Company Limited,2012-06-15,7,499,8,tcn,TCN,2,2,0.9737594841596422,1,1,0.017696941485684587,operating_cashflow_ps,-0.09011255949735641,-0.015335281379520893,opposes_explained_class,original_financial_sequence_mean,test_proba,test_proba,expected_gradients_fallback,expected_gradients_fallback: ModuleNotFoundError,0.05167219849374914,0.8485200232153222
TAK,Takeda Pharmaceutical Company Limited,2012-06-15,7,499,9,tcn,TCN,2,2,0.9737594841596422,1,1,0.017696941485684587,ebit_margin,1.1672970056533813,0.01195963192731142,supports_explained_class,original_financial_sequence_mean,test_proba,test_proba,expected_gradients_fallback,expected_gradients_fallback: ModuleNotFoundError,0.05167219849374914,0.8485200232153222
TAK,Takeda Pharmaceutical Company Limited,2012-06-15,7,499,10,tcn,TCN,2,2,0.9737594841596422,1,1,0.017696941485684587,roe,0.5087252855300903,0.005191280506551266,supports_explained_class,original_financial_sequence_mean,test_proba,test_proba,expected_gradients_fallback,expected_gradients_fallback: ModuleNotFoundError,0.05167219849374914,0.8485200232153222
TAK,Takeda Pharmaceutical Company Limited,2012-06-15,7,499,1,tcn,TCN,2,2,0.9737594841596422,2,2,0.9737594841596422,pretax_profit_margin,2.311098098754883,0.2696841359138489,supports_explained_class,original_financial_sequence_mean,test_proba,test_proba,expected_gradients_fallback,expected_gradients_fallback: ModuleNotFoundError,0.05167219849374914,0.8485200232153222
TAK,Takeda Pharmaceutical Company Limited,2012-06-15,7,499,2,tcn,TCN,2,2,0.9737594841596422,2,2,0.9737594841596422,operating_profit_margin,0.986193835735321,-0.13125257194042206,opposes_explained_class,original_financial_sequence_mean,test_proba,test_proba,expected_gradients_fallback,expected_gradients_fallback: ModuleNotFoundError,0.05167219849374914,0.8485200232153222
TAK,Takeda Pharmaceutical Company Limited,2012-06-15,7,499,3,tcn,TCN,2,2,0.9737594841596422,2,2,0.9737594841596422,net_profit_margin,2.71138596534729,0.11558636277914047,supports_explained_class,original_financial_sequence_mean,test_proba,test_proba,expected_gradients_fallback,expected_gradients_fallback: ModuleNotFoundError,0.05167219849374914,0.8485200232153222
TAK,Takeda Pharmaceutical Company Limited,2012-06-15,7,499,4,tcn,TCN,2,2,0.9737594841596422,2,2,0.9737594841596422,debt_equity_ratio,-1.6716482639312744,0.0848063975572586,supports_explained_class,original_financial_sequence_mean,test_proba,test_proba,expected_gradients_fallback,expected_gradients_fallback: ModuleNotFoundError,0.05167219849374914,0.8485200232153222
TAK,Takeda Pharmaceutical Company Limited,2012-06-15,7,499,5,tcn,TCN,2,2,0.9737594841596422,2,2,0.9737594841596422,ebit_margin,1.1672970056533813,-0.04040585830807686,opposes_explained_class,original_financial_sequence_mean,test_proba,test_proba,expected_gradients_fallback,expected_gradients_fallback: ModuleNotFoundError,0.05167219849374914,0.8485200232153222
TAK,Takeda Pharmaceutical Company Limited,2012-06-15,7,499,6,tcn,TCN,2,2,0.9737594841596422,2,2,0.9737594841596422,asset_turnover,-0.6618466973304749,-0.029287314042448997,opposes_explained_class,original_financial_sequence_mean,test_proba,test_proba,expected_gradients_fallback,expected_gradients_fallback: ModuleNotFoundError,0.05167219849374914,0.8485200232153222
TAK,Takeda Pharmaceutical Company Limited,2012-06-15,7,499,7,tcn,TCN,2,2,0.9737594841596422,2,2,0.9737594841596422,gross_profit_margin,1.5297609567642212,0.01962786726653576,supports_explained_class,original_financial_sequence_mean,test_proba,test_proba,expected_gradients_fallback,expected_gradients_fallback: ModuleNotFoundError,0.05167219849374914,0.8485200232153222
TAK,Takeda Pharmaceutical Company Limited,2012-06-15,7,499,8,tcn,TCN,2,2,0.9737594841596422,2,2,0.9737594841596422,operating_cashflow_ps,-0.09011255949735641,0.015281912870705128,supports_explained_class,original_financial_sequence_mean,test_proba,test_proba,expected_gradients_fallback,expected_gradients_fallback: ModuleNotFoundError,0.05167219849374914,0.8485200232153222
TAK,Takeda Pharmaceutical Company Limited,2012-06-15,7,499,9,tcn,TCN,2,2,0.9737594841596422,2,2,0.9737594841596422,roa,1.5926270484924316,0.01377297192811966,supports_explained_class,original_financial_sequence_mean,test_proba,test_proba,expected_gradients_fallback,expected_gradients_fallback: ModuleNotFoundError,0.05167219849374914,0.8485200232153222
TAK,Takeda Pharmaceutical Company Limited,2012-06-15,7,499,10,tcn,TCN,2,2,0.9737594841596422,2,2,0.9737594841596422,roe,0.5087252855300903,-0.012923641130328178,opposes_explained_class,original_financial_sequence_mean,test_proba,test_proba,expected_gradients_fallback,expected_gradients_fallback: ModuleNotFoundError,0.05167219849374914,0.8485200232153222
FIS,"Fidelity National Information Services, Inc.",2015-10-13,10,1594,1,tcn,TCN,1,1,0.9747267652855162,0,0,0.011087474062131607,pretax_profit_margin,0.06892463844269514,0.020539702847599983,supports_explained_class,original_financial_sequence_mean,test_proba,test_proba,expected_gradients_fallback,expected_gradients_fallback: ModuleNotFoundError,0.05167219849374914,0.8485200232153222
FIS,"Fidelity National Information Services, Inc.",2015-10-13,10,1594,2,tcn,TCN,1,1,0.9747267652855162,0,0,0.011087474062131607,asset_turnover,1.8601323068141937,-0.020094359293580055,opposes_explained_class,original_financial_sequence_mean,test_proba,test_proba,expected_gradients_fallback,expected_gradients_fallback: ModuleNotFoundError,0.05167219849374914,0.8485200232153222
FIS,"Fidelity National Information Services, Inc.",2015-10-13,10,1594,3,tcn,TCN,1,1,0.9747267652855162,0,0,0.011087474062131607,roe,-0.821699470281601,-0.01756374165415764,opposes_explained_class,original_financial_sequence_mean,test_proba,test_proba,expected_gradients_fallback,expected_gradients_fallback: ModuleNotFoundError,0.05167219849374914,0.8485200232153222
FIS,"Fidelity National Information Services, Inc.",2015-10-13,10,1594,4,tcn,TCN,1,1,0.9747267652855162,0,0,0.011087474062131607,debt_equity_ratio,-3.0136795043945312,0.007235768251121044,supports_explained_class,original_financial_sequence_mean,test_proba,test_proba,expected_gradients_fallback,expected_gradients_fallback: ModuleNotFoundError,0.05167219849374914,0.8485200232153222
FIS,"Fidelity National Information Services, Inc.",2015-10-13,10,1594,5,tcn,TCN,1,1,0.9747267652855162,0,0,0.011087474062131607,operating_profit_margin,0.010442836908623576,-0.0071569932624697685,opposes_explained_class,original_financial_sequence_mean,test_proba,test_proba,expected_gradients_fallback,expected_gradients_fallback: ModuleNotFoundError,0.05167219849374914,0.8485200232153222
FIS,"Fidelity National Information Services, Inc.",2015-10-13,10,1594,6,tcn,TCN,1,1,0.9747267652855162,0,0,0.011087474062131607,ebit_margin,0.08544311113655567,-0.004847879987210035,opposes_explained_class,original_financial_sequence_mean,test_proba,test_proba,expected_gradients_fallback,expected_gradients_fallback: ModuleNotFoundError,0.05167219849374914,0.8485200232153222
FIS,"Fidelity National Information Services, Inc.",2015-10-13,10,1594,7,tcn,TCN,1,1,0.9747267652855162,0,0,0.011087474062131607,free_cashflow_ps,-0.791830584872514,-0.004332841373980045,opposes_explained_class,original_financial_sequence_mean,test_proba,test_proba,expected_gradients_fallback,expected_gradients_fallback: ModuleNotFoundError,0.05167219849374914,0.8485200232153222
FIS,"Fidelity National Information Services, Inc.",2015-10-13,10,1594,8,tcn,TCN,1,1,0.9747267652855162,0,0,0.011087474062131607,roa,0.5305452346801758,-0.0036088977940380573,opposes_explained_class,original_financial_sequence_mean,test_proba,test_proba,expected_gradients_fallback,expected_gradients_fallback: ModuleNotFoundError,0.05167219849374914,0.8485200232153222
FIS,"Fidelity National Information Services, Inc.",2015-10-13,10,1594,9,tcn,TCN,1,1,0.9747267652855162,0,0,0.011087474062131607,operating_cashflow_ps,-1.5531748831272125,-0.0010022814385592937,opposes_explained_class,original_financial_sequence_mean,test_proba,test_proba,expected_gradients_fallback,expected_gradients_fallback: ModuleNotFoundError,0.05167219849374914,0.8485200232153222
FIS,"Fidelity National Information Services, Inc.",2015-10-13,10,1594,10,tcn,TCN,1,1,0.9747267652855162,0,0,0.011087474062131607,net_profit_margin,0.056360791553743184,0.0006760340766049922,supports_explained_class,original_financial_sequence_mean,test_proba,test_proba,expected_gradients_fallback,expected_gradients_fallback: ModuleNotFoundError,0.05167219849374914,0.8485200232153222
FIS,"Fidelity National Information Services, Inc.",2015-10-13,10,1594,1,tcn,TCN,1,1,0.9747267652855162,1,1,0.9747267652855162,debt_equity_ratio,-3.0136795043945312,0.07483252137899399,supports_explained_class,original_financial_sequence_mean,test_proba,test_proba,expected_gradients_fallback,expected_gradients_fallback: ModuleNotFoundError,0.05167219849374914,0.8485200232153222
FIS,"Fidelity National Information Services, Inc.",2015-10-13,10,1594,2,tcn,TCN,1,1,0.9747267652855162,1,1,0.9747267652855162,pretax_profit_margin,0.06892463844269514,0.07097742706537247,supports_explained_class,original_financial_sequence_mean,test_proba,test_proba,expected_gradients_fallback,expected_gradients_fallback: ModuleNotFoundError,0.05167219849374914,0.8485200232153222
FIS,"Fidelity National Information Services, Inc.",2015-10-13,10,1594,3,tcn,TCN,1,1,0.9747267652855162,1,1,0.9747267652855162,net_profit_margin,0.056360791553743184,0.06823597848415375,supports_explained_class,original_financial_sequence_mean,test_proba,test_proba,expected_gradients_fallback,expected_gradients_fallback: ModuleNotFoundError,0.05167219849374914,0.8485200232153222
FIS,"Fidelity National Information Services, Inc.",2015-10-13,10,1594,4,tcn,TCN,1,1,0.9747267652855162,1,1,0.9747267652855162,roa,0.5305452346801758,-0.05570084974169731,opposes_explained_class,original_financial_sequence_mean,test_proba,test_proba,expected_gradients_fallback,expected_gradients_fallback: ModuleNotFoundError,0.05167219849374914,0.8485200232153222
FIS,"Fidelity National Information Services, Inc.",2015-10-13,10,1594,5,tcn,TCN,1,1,0.9747267652855162,1,1,0.9747267652855162,operating_profit_margin,0.010442836908623576,-0.047456566244363785,opposes_explained_class,original_financial_sequence_mean,test_proba,test_proba,expected_gradients_fallback,expected_gradients_fallback: ModuleNotFoundError,0.05167219849374914,0.8485200232153222
FIS,"Fidelity National Information Services, Inc.",2015-10-13,10,1594,6,tcn,TCN,1,1,0.9747267652855162,1,1,0.9747267652855162,roe,-0.821699470281601,0.04016046226024628,supports_explained_class,original_financial_sequence_mean,test_proba,test_proba,expected_gradients_fallback,expected_gradients_fallback: ModuleNotFoundError,0.05167219849374914,0.8485200232153222
FIS,"Fidelity National Information Services, Inc.",2015-10-13,10,1594,7,tcn,TCN,1,1,0.9747267652855162,1,1,0.9747267652855162,operating_cashflow_ps,-1.5531748831272125,0.03719582408666611,supports_explained_class,original_financial_sequence_mean,test_proba,test_proba,expected_gradients_fallback,expected_gradients_fallback: ModuleNotFoundError,0.05167219849374914,0.8485200232153222
FIS,"Fidelity National Information Services, Inc.",2015-10-13,10,1594,8,tcn,TCN,1,1,0.9747267652855162,1,1,0.9747267652855162,current_ratio,-0.4935486614704132,-0.019846070557832718,opposes_explained_class,original_financial_sequence_mean,test_proba,test_proba,expected_gradients_fallback,expected_gradients_fallback: ModuleNotFoundError,0.05167219849374914,0.8485200232153222
FIS,"Fidelity National Information Services, Inc.",2015-10-13,10,1594,9,tcn,TCN,1,1,0.9747267652855162,1,1,0.9747267652855162,gross_profit_margin,-0.5828454345464706,0.006288267206400633,supports_explained_class,original_financial_sequence_mean,test_proba,test_proba,expected_gradients_fallback,expected_gradients_fallback: ModuleNotFoundError,0.05167219849374914,0.8485200232153222
FIS,"Fidelity National Information Services, Inc.",2015-10-13,10,1594,10,tcn,TCN,1,1,0.9747267652855162,1,1,0.9747267652855162,free_cashflow_ps,-0.791830584872514,-0.006131715606898069,opposes_explained_class,original_financial_sequence_mean,test_proba,test_proba,expected_gradients_fallback,expected_gradients_fallback: ModuleNotFoundError,0.05167219849374914,0.8485200232153222
FIS,"Fidelity National Information Services, Inc.",2015-10-13,10,1594,1,tcn,TCN,1,1,0.9747267652855162,2,2,0.014185760652352252,debt_equity_ratio,-3.0136795043945312,-0.10734604299068451,opposes_explained_class,original_financial_sequence_mean,test_proba,test_proba,expected_gradients_fallback,expected_gradients_fallback: ModuleNotFoundError,0.05167219849374914,0.8485200232153222
FIS,"Fidelity National Information Services, Inc.",2015-10-13,10,1594,2,tcn,TCN,1,1,0.9747267652855162,2,2,0.014185760652352252,pretax_profit_margin,0.06892463844269514,0.06686244904994965,supports_explained_class,original_financial_sequence_mean,test_proba,test_proba,expected_gradients_fallback,expected_gradients_fallback: ModuleNotFoundError,0.05167219849374914,0.8485200232153222
FIS,"Fidelity National Information Services, Inc.",2015-10-13,10,1594,3,tcn,TCN,1,1,0.9747267652855162,2,2,0.014185760652352252,net_profit_margin,0.056360791553743184,-0.051979001611471176,opposes_explained_class,original_financial_sequence_mean,test_proba,test_proba,expected_gradients_fallback,expected_gradients_fallback: ModuleNotFoundError,0.05167219849374914,0.8485200232153222
FIS,"Fidelity National Information Services, Inc.",2015-10-13,10,1594,4,tcn,TCN,1,1,0.9747267652855162,2,2,0.014185760652352252,operating_cashflow_ps,-1.5531748831272125,0.040617235004901886,supports_explained_class,original_financial_sequence_mean,test_proba,test_proba,expected_gradients_fallback,expected_gradients_fallback: ModuleNotFoundError,0.05167219849374914,0.8485200232153222
FIS,"Fidelity National Information Services, Inc.",2015-10-13,10,1594,5,tcn,TCN,1,1,0.9747267652855162,2,2,0.014185760652352252,asset_turnover,1.8601323068141937,-0.037261977791786194,opposes_explained_class,original_financial_sequence_mean,test_proba,test_proba,expected_gradients_fallback,expected_gradients_fallback: ModuleNotFoundError,0.05167219849374914,0.8485200232153222
FIS,"Fidelity National Information Services, Inc.",2015-10-13,10,1594,6,tcn,TCN,1,1,0.9747267652855162,2,2,0.014185760652352252,roe,-0.821699470281601,-0.034980207681655884,opposes_explained_class,original_financial_sequence_mean,test_proba,test_proba,expected_gradients_fallback,expected_gradients_fallback: ModuleNotFoundError,0.05167219849374914,0.8485200232153222
FIS,"Fidelity National Information Services, Inc.",2015-10-13,10,1594,7,tcn,TCN,1,1,0.9747267652855162,2,2,0.014185760652352252,current_ratio,-0.4935486614704132,0.03012380748987198,supports_explained_class,original_financial_sequence_mean,test_proba,test_proba,expected_gradients_fallback,expected_gradients_fallback: ModuleNotFoundError,0.05167219849374914,0.8485200232153222
FIS,"Fidelity National Information Services, Inc.",2015-10-13,10,1594,8,tcn,TCN,1,1,0.9747267652855162,2,2,0.014185760652352252,operating_profit_margin,0.010442836908623576,0.019462116062641144,supports_explained_class,original_financial_sequence_mean,test_proba,test_proba,expected_gradients_fallback,expected_gradients_fallback: ModuleNotFoundError,0.05167219849374914,0.8485200232153222
FIS,"Fidelity National Information Services, Inc.",2015-10-13,10,1594,9,tcn,TCN,1,1,0.9747267652855162,2,2,0.014185760652352252,ebit_margin,0.08544311113655567,-0.018909746780991554,opposes_explained_class,original_financial_sequence_mean,test_proba,test_proba,expected_gradients_fallback,expected_gradients_fallback: ModuleNotFoundError,0.05167219849374914,0.8485200232153222
FIS,"Fidelity National Information Services, Inc.",2015-10-13,10,1594,10,tcn,TCN,1,1,0.9747267652855162,2,2,0.014185760652352252,free_cashflow_ps,-0.791830584872514,-0.013994510285556316,opposes_explained_class,original_financial_sequence_mean,test_proba,test_proba,expected_gradients_fallback,expected_gradients_fallback: ModuleNotFoundError,0.05167219849374914,0.8485200232153222
